ticker,cusip,issuer,title_class,n_filers,price_err,method
AAPL,037833100,APPLE INC,COM,14,0.0009,name
ABNB,009066101,AIRBNB INC,COM CL A,10,0.0,name
ACN,G1151C101,ACCENTURE PLC IRELAND,SHS CLASS A,9,0.012,name
ADBE,00724F101,ADOBE INC,COM,13,0.0,name
ADI,032654105,ANALOG DEVICES INC,COM,12,0.0,name
ADSK,052769106,AUTODESK INC,COM,12,0.0,name
ALAB,04626A103,ASTERA LABS INC,COM,14,0.0,name
AMAT,038222105,APPLIED MATLS INC,COM,16,0.0,name
AMD,007903107,ADVANCED MICRO DEVICES INC,COM,16,0.0,name
AME,031100100,AMETEK INC,COM,10,0.0,name
AMZN,023135106,AMAZON COM INC,COM,24,0.0,name
ANET,040413106,ARISTA NETWORKS INC,COM,7,0.0,name-split
ANET,040413205,ARISTA NETWORKS INC,COM SHS,11,0.0,name
ARM,042068205,ARM HOLDINGS PLC,SPONSORED ADS,14,0.0,name
ASML,N07059210,ASML HOLDING N V,N Y REGISTRY SHS,16,0.0013,price
AVGO,11135F101,BROADCOM INC,COM,19,0.0,name
BA,097023105,BOEING CO,COM,11,0.0,name
BKNG,09857L108,BOOKING HOLDINGS INC,COM,13,0.0,pinned
CARR,14448C104,CARRIER GLOBAL CORPORATION,COM,9,0.0036,name
CAT,149123101,CATERPILLAR INC,COM,9,0.0019,name
CDNS,127387108,CADENCE DESIGN SYSTEM INC,COM,13,0.0,price
CHTR,16119P108,CHARTER COMMUNICATIONS INC N,CL A,11,0.0,price
CHWY,16679L109,CHEWY INC,CL A,12,0.0,name
CIEN,171779309,CIENA CORP,COM NEW,12,0.0,name
CL,194162103,COLGATE PALMOLIVE CO,COM,10,0.0057,name
CMCSA,20030N101,COMCAST CORP NEW,CL A,11,0.0136,name
CMG,169656105,CHIPOTLE MEXICAN GRILL INC,COM,14,0.0,name
CMI,231021106,CUMMINS INC,COM,9,0.0,name
COHR,19247G107,COHERENT CORP,COM,11,0.0,name
COST,22160K105,COSTCO WHSL CORP NEW,COM,10,0.0016,price
CRDO,G25457105,CREDO TECHNOLOGY GROUP HOLDI,ORDINARY SHARES,10,0.0,price
CRM,79466L302,SALESFORCE INC,COM,15,0.0,name
CRWD,22788C105,CROWDSTRIKE HLDGS INC,CL A,11,0.0,name-split
CSCO,17275R102,CISCO SYS INC,COM,10,0.0037,name
CSX,126408103,CSX CORP,COM,12,0.0,name
CTSH,192446102,COGNIZANT TECHNOLOGY SOLUTIO,CL A,9,0.0059,price
DASH,25809K105,DOORDASH INC,CL A,16,0.0,name
DDOG,23804L103,DATADOG INC,CL A COM,14,0.0,name
DE,244199105,DEERE & CO,COM,8,0.0,name
DELL,24703L202,DELL TECHNOLOGIES INC,CL C,10,0.0017,name
DIS,254687106,DISNEY WALT CO,COM,12,0.0,price
DOV,260003108,DOVER CORP,COM,9,0.0,name
DRI,237194105,DARDEN RESTAURANTS INC,COM,10,0.0081,name
EA,285512109,ELECTRONIC ARTS INC,COM,9,,name-unpriced
EBAY,278642103,EBAY INC.,COM,10,0.0,name
EMR,291011104,EMERSON ELEC CO,COM,10,0.0034,price
ENTG,29362U104,ENTEGRIS INC,COM,12,0.0008,name
EPAM,29414B104,EPAM SYS INC,COM,9,0.0,name
ETN,G29183103,EATON CORP PLC,SHS,11,0.0025,name
F,345370860,FORD MTR CO,COM,9,0.0108,price
FDX,31428X106,FEDEX CORP,COM,12,0.0,name
FTNT,34959E109,FORTINET INC,COM,9,0.0,name
GD,369550108,GENERAL DYNAMICS CORP,COM,9,0.0044,name
GE,369604301,GE AEROSPACE,COM NEW,11,0.0012,name
GEV,36828A101,GE VERNOVA INC,COM,16,0.0,name
GLW,219350105,CORNING INC,COM,12,0.0,name
GM,37045V100,GENERAL MTRS CO,COM,11,0.0,pinned
GOOGL,02079K107,ALPHABET INC,CAP STK CL C,18,0.0018,name
GOOGL,02079K305,ALPHABET INC,CAP STK CL A,22,0.0,name
HD,437076102,HOME DEPOT INC,COM,12,0.0,name
HON,438516106,HONEYWELL INTL INC,COM,9,0.0315,name
HON,438516205,HONEYWELL INTL INC,COM,6,0.003,name
HUBB,443510607,HUBBELL INC,COM,9,0.0,name
HUBS,443573100,HUBSPOT INC,COM,12,0.0,name
HWM,443201108,HOWMET AEROSPACE INC,COM,10,0.0005,name
IBM,459200101,INTERNATIONAL BUSINESS MACHS,COM,8,0.0072,pinned
INFY,456788108,INFOSYS LTD,SPONSORED ADR,8,0.0,name
INTC,458140100,INTEL CORP,COM,15,0.0,name
INTU,461202103,INTUIT,COM,15,0.0044,name
IR,45687V106,INGERSOLL RAND INC,COM,9,0.0002,name
ITW,452308109,ILLINOIS TOOL WKS INC,COM,8,0.0,price
JCI,G51502105,JOHNSON CTLS INTL PLC,SHS,11,0.0,price
KLAC,482480100,KLA CORP,COM NEW,12,0.0011,name
KMB,494368103,KIMBERLY-CLARK CORP,COM,10,0.0,name
KO,191216100,COCA COLA CO,COM,10,0.0,name
LHX,502431109,L3HARRIS TECHNOLOGIES INC,COM,10,0.0,name
LITE,55024U109,LUMENTUM HLDGS INC,COM,12,0.0,name
LMT,539830109,LOCKHEED MARTIN CORP,COM,9,0.0,name
LOW,548661107,LOWES COS INC,COM,12,0.0062,name
LRCX,512807108,LAM RESEARCH CORP,COM,10,0.0142,name-split
LRCX,512807306,LAM RESEARCH CORP,COM NEW,17,0.0,name
LULU,550021109,LULULEMON ATHLETICA INC,COM,11,0.0,name
LYV,538034109,LIVE NATION ENTERTAINMENT IN,COM,11,0.0,price
MCD,580135101,MCDONALDS CORP,COM,11,0.0,name
MCHP,595017104,MICROCHIP TECHNOLOGY INC.,COM,9,0.0,price
MDB,60937P106,MONGODB INC,CL A,14,0.0,name
MDLZ,609207105,MONDELEZ INTL INC,CL A,10,0.0,name
META,30303M102,META PLATFORMS INC,CL A,23,0.0,name
MMM,88579Y101,3M CO,COM,11,0.0,name
MO,02209S103,ALTRIA GROUP INC,COM,9,0.0,name
MPWR,609839105,MONOLITHIC PWR SYS INC,COM,12,0.0,price
MRVL,573874104,MARVELL TECHNOLOGY INC,COM,12,0.0002,name
MSFT,594918104,MICROSOFT CORP,COM,23,0.0,name
MSI,620076307,MOTOROLA SOLUTIONS INC,COM NEW,10,0.0,name
MU,595112103,MICRON TECHNOLOGY INC,COM,14,0.0002,name
NET,18915M107,CLOUDFLARE INC,CL A COM,9,0.0,name
NFLX,64110L106,NETFLIX INC,COM,15,0.0,name
NKE,654106103,NIKE INC,CL B,12,0.0,name
NOC,666807102,NORTHROP GRUMMAN CORP,COM,9,0.0,name
NOW,81762P102,SERVICENOW INC,COM,11,0.0,name
NSC,655844108,NORFOLK SOUTHN CORP,COM,10,0.004,price
NTAP,64110D104,NETAPP INC,COM,9,0.003,name
NVDA,67066G104,NVIDIA CORPORATION,COM,20,0.0,name
NVT,G6700G107,NVENT ELECTRIC PLC,SHS,9,0.0013,name
NXPI,N6596X109,NXP SEMICONDUCTORS N V,COM,9,0.0,name
ODFL,679580100,OLD DOMINION FREIGHT LINE IN,COM,9,0.0,price
ON,682189105,ON SEMICONDUCTOR CORP,COM,10,0.0,name
ORCL,68389X105,ORACLE CORP,COM,12,0.0035,name
PANW,697435105,PALO ALTO NETWORKS INC,COM,9,0.0,name
PCAR,693718108,PACCAR INC,COM,8,0.0026,name
PEP,713448108,PEPSICO INC,COM,10,0.0,name
PG,742718109,PROCTER AND GAMBLE CO,COM,10,0.0075,price
PH,701094104,PARKER-HANNIFIN CORP,COM,9,0.0,name
PINS,72352L106,PINTEREST INC,CL A,12,0.0,name
PM,718172109,PHILIP MORRIS INTL INC,COM,14,0.0,name
PWR,74762E102,QUANTA SVCS INC,COM,10,0.0002,name
QCOM,747525103,QUALCOMM INC,COM,14,0.0,name
QSR,76131D103,RESTAURANT BRANDS INTL INC,COM,13,0.0,name
RBLX,771049103,ROBLOX CORP,CL A,12,0.0,name
RDDT,75734B100,REDDIT INC,CL A,14,0.0,name
ROK,773903109,ROCKWELL AUTOMATION INC,COM,9,0.0031,name
ROST,778296103,ROSS STORES INC,COM,11,0.0,name
RTX,75513E101,RTX CORPORATION,COM,11,0.0033,name
SBUX,855244109,STARBUCKS CORP,COM,13,0.0057,name
SMCI,86800U104,SUPER MICRO COMPUTER INC,COM,7,0.0,name-split
SMCI,86800U302,SUPER MICRO COMPUTER INC,COM NEW,11,0.0,name
SNAP,83304A106,SNAP INC,CL A,9,0.0,name
SNOW,833445109,SNOWFLAKE INC,COM SHS,16,0.0,name
SNPS,871607107,SYNOPSYS INC,COM,13,0.0,name
SPOT,L8681T102,SPOTIFY TECHNOLOGY S A,SHS,16,0.0,name
STX,G7997R103,SEAGATE TECHNOLOGY HLDNGS PL,ORD SHS,16,0.0,price
T,00206R102,AT&T INC,COM,11,0.0134,name
TDG,893641100,TRANSDIGM GROUP INC,COM,12,0.0,name
TEAM,049468101,ATLASSIAN CORPORATION,CL A,15,0.0,name
TER,880770102,TERADYNE INC,COM,11,0.0,name
TGT,87612E106,TARGET CORP,COM,10,0.0077,name
TJX,872540109,TJX COS INC NEW,COM,9,0.0032,name
TMUS,872590104,T-MOBILE US INC,COM,11,0.0,name
TSLA,88160R101,TESLA INC,COM,14,0.0,name
TTD,88339J105,THE TRADE DESK INC,COM CL A,11,0.0,name
TTWO,874054109,TAKE-TWO INTERACTIVE SOFTWAR,COM,11,0.0,price
TXN,882508104,TEXAS INSTRS INC,COM,10,0.0051,name
UNP,907818108,UNION PAC CORP,COM,14,0.0,pinned
UPS,911312106,UNITED PARCEL SERVICE INC,CL B,10,0.0159,name
VEEV,922475108,VEEVA SYS INC,CL A COM,11,0.0,name
VRT,92537N108,VERTIV HOLDINGS CO,COM CL A,13,0.0,name
VZ,92343V104,VERIZON COMMUNICATIONS INC,COM,9,0.017,name
WBD,934423104,WARNER BROS DISCOVERY INC,COM SER A,12,0.0,name
WDAY,98138H101,WORKDAY INC,CL A,14,0.0,name
WDC,958102105,WESTERN DIGITAL CORP,COM,12,0.0,name
WMT,931142103,WALMART INC,COM,10,0.0,name
YUM,988498101,YUM BRANDS INC,COM,11,0.0,name
ZS,98980G102,ZSCALER INC,COM,12,0.0,name
