ticker,name,price,marketCap,forwardPE,trailingPE,evEbitda,ps,fcfYield,revGrowth,epsGrowth,grossMargin,opMargin,netMargin,roe,netDebtEbitda,fcf,cash,sector,subindustry,spark,ret1m,ret6m,retYtd
NVDA,NVIDIA Corporation,225.16,5453600260096,17.59288,34.480858,32.677,21.513979,0.8496382355531197,85.2,214.5,74.14499500000001,65.596,62.966,114.28799999999998,-0.2438343463332097,46335873024.0,53171998720,TMT (Tech · Media · Telecom),Semiconductors,182.6;187.7;192.6;177;182.8;182.4;182.9;181.7;172.5;178.5;165;177.2;181.9;189.1;198.1;199.6;208;209;198.2;211.3;220.5;225.1;223.2;214.6;210.9;214.5;208.6;204.9;207.4;208.6;195.7;200.1;195.6;202.8;211.8;202.8;212.1;196.5;195;211.9;224;224.1;225.2,5.9576487821691115,23.31634804557765,19.372316899133658
AVGO,Broadcom Inc.,392.99,1869681393664,20.121695,65.38934,45.503,24.775478,1.455448461979523,47.9,85.39999999999999,76.28399999999999,48.988,38.848,37.280998,1.0759196582890276,27212249088.0,19627999232,TMT (Tech · Media · Telecom),Semiconductors,324;332.8;324.3;318.4;316.4;344.5;334.7;320.1;309.4;318.3;292.9;314.1;350.1;379.1;397.8;401.5;422.1;404.8;415.8;411.9;418.6;424.5;417.1;421.3;446.1;478.5;396;385;376.1;392.1;378.9;377.8;373.9;401.1;389.1;370.8;396.8;383.2;387.8;418.2;427.8;416;393,-0.32718082299781903,21.30197017444788,13.468061737570824
AMD,"Advanced Micro Devices, Inc.",514.39,839728824320,33.272594,131.55754,86.895,20.329954,1.0528993875087849,50.1,159.5,55.724,17.25,15.577,10.196,-0.9239698503655697,8841499648.0,13111000064,TMT (Tech · Media · Telecom),Semiconductors,207.3;203.4;213.8;200.2;202.1;202.7;197.7;196.3;201.3;220.3;196;217.5;231.8;246.8;278.3;284.5;347.8;337.1;341.5;408.5;448.3;424.1;447.6;503.9;516.1;542.5;490.3;488.5;507.3;551.6;532.6;580.9;552;546.7;548.1;495.8;552.3;495;485.4;518.6;483.4;482.9;514.4,-2.787541972194252,148.11402492573004,130.18302762723678
QCOM,QUALCOMM Incorporated,165.79,174079492096,16.250814,18.947428,15.092,3.9501576,5.88294481141545,-4.0,-23.0,54.226,18.528,21.013,33.754003,0.5805483687045312,10241000448.0,8304000000,TMT (Tech · Media · Telecom),Semiconductors,139.3;139.9;143.3;140.9;138.1;137.6;130.7;131.1;129.4;129.9;126.6;126.3;127;130.8;134;135.1;148.3;155.4;167.8;201.8;209.5;200.7;201.8;247.9;250.1;249.1;217.8;203;214.1;221.9;204.9;184.8;186.5;191.1;178.1;171.8;175.6;170;151.6;162.7;167.9;163.1;165.8,-6.849085702905244,19.026803784901468,-3.184926264269583
TXN,Texas Instruments Incorporated,279.58,255325782016,26.870161,42.55403,27.561,13.125265,1.388520195652563,22.8,51.800000000000004,58.325,42.576997999999996,31.111,35.176,0.7406512403361345,3545250048.0,7000999936,TMT (Tech · Media · Telecom),Semiconductors,223.9;215.8;211.2;210;200.3;194.2;188.1;192.5;185.3;194.8;184.5;192.9;206.8;214.5;220.8;230.8;274.3;266.5;278;283.8;293.7;301.2;303.3;323.2;304.1;307;289.4;295.6;304.2;330.6;310.2;296.6;302;307;304;282.6;292.7;278;277.3;283.6;286.1;276.6;279.6,-6.699603090664241,24.88471925370788,60.141299753563615
INTC,Intel Corporation,102.5,541825761280,50.241898,,32.863,9.500381,0.8981439266571153,25.4,,38.873002,12.189999,-19.794,-10.715,1.2357482789016103,4866375168.0,29727000576,TMT (Tech · Media · Telecom),Semiconductors,46.79;44.62;46.12;45.61;45.58;45.58;45.25;44.06;43.87;47.18;41.19;50.38;58.95;65.18;68.5;66.26;82.54;94.75;95.78;109.6;120.6;108.8;119;123.5;114.7;112.7;110.3;117;117.1;140.9;132.9;139.6;122.2;112.5;107.8;95.04;102.6;91.67;91.13;100.9;101.7;100.9;102.5,-0.47577228268096405,119.0638982569141,160.28440126933128
MU,"Micron Technology, Inc.",971.66,1097386149100,6.2732425,21.978285,15.798,12.156171079156207,0.6961542008039182,345.7,1368.5,72.56899999999999,80.370003,55.906,66.63799999999999,-0.287971626575836,7639499776.0,26022000640,TMT (Tech · Media · Telecom),Semiconductors,411.4;417.1;417.8;412.1;400.5;389.1;405.1;461.4;422.7;381.9;321.8;366.2;406.7;426.5;457.2;449.3;496.6;518.4;576.4;646.5;766.5;724.5;731.9;895.7;970.9;1079;949.1;995.7;1021;1211;1213;1154;984.8;991.6;983.1;849;959.5;900.2;874.7;892.7;877.6;911.3;971.7,7.451225468293021,136.17005983813272,208.22954738321937
ADI,"Analog Devices, Inc.",389.39,189666822505,25.851841,57.773003,31.7,14.887279834501852,2.0398689517234923,37.2,110.5,64.491,38.076,26.007998,9.639000000000001,0.8569010278224862,3868954624.0,3439308032,TMT (Tech · Media · Telecom),Semiconductors,335.1;343.3;354;353.7;340.6;318.8;306.4;312.8;308.6;321.2;302.3;317.5;345.3;349.1;352.8;374.2;398.5;388.2;395.9;407.4;418.5;416.3;397;418.8;412.7;437.7;403.9;412.1;416;445.5;417.9;397.2;388.8;393.6;392.8;375.4;386.7;371.9;366.7;380.3;389.9;384.4;389.4,-0.40156968512237157,16.190798116183046,43.084375330810644
NXPI,NXP Semiconductors N.V.,234.71,59185455104,12.970908,46.754982,13.28,4.4888473,6.00654342820072,19.5,72.6,56.102,30.406,22.564,27.921000000000003,1.529992004799141,3555000064.0,3222000128,TMT (Tech · Media · Telecom),Semiconductors,242.3;230.1;232.6;225.1;214.5;203.5;189.6;192.4;189.7;196.9;186.8;193.9;203.6;207.3;213;223.7;243.2;288.3;289.8;289.2;293.2;290.5;309.1;331.5;320.3;320.8;300.1;301.5;301.9;322.1;298.6;281;280.5;290.5;283.9;266.5;278.8;267.7;245.2;237.6;239.7;233.4;234.7,-15.877567650340163,-3.150843097610534,6.981379607586802
MRVL,"Marvell Technology, Inc.",222.02,199272824832,35.565994,76.29553,72.145,22.859991,1.1389912788728245,27.6,-80.4,51.50299699999999,14.479999,28.986,16.028000000000002,0.5286135693215339,2269700096.0,3843599872,TMT (Tech · Media · Telecom),Semiconductors,78.55;79.55;78.33;81.63;78.03;92.58;87.6;90.72;87.84;98.38;87.74;107;114.4;131.3;133.3;151.3;164.3;156.5;163.6;160;164.5;176.8;186.8;208.2;204.9;301.6;288.8;280.6;278.6;307.8;281.2;297.8;249.2;243.2;222.4;188.7;211;189.2;183.3;218.6;218.7;217.1;222,7.640846594273842,182.64334988526957,148.73679809924596
ON,ON Semiconductor Corporation,82.66,32180506624,18.293964,54.026146,15.812,5.192247,5.147992240633284,9.2,36.6,42.775999999999996,19.532,10.168000000000001,8.312,0.40408642091451,1656649984.0,3864499968,TMT (Tech · Media · Telecom),Semiconductors,72.21;68.09;70.03;66.48;62.53;59.23;57.69;60.98;59.26;63.1;55.66;62.19;68.38;71.02;79.93;86.91;98.4;98.86;102;100.6;104.1;113.1;110.2;127;120.6;133.9;120.9;116;118.2;131.6;118.7;94.54;94.69;97.87;93.73;87.37;92.33;89.04;83.74;80.78;81.17;83.32;82.66,-10.676461158063589,14.47168634556013,45.78483694860553
MCHP,Microchip Technology Incorporat,79.17,42989998080,17.320896,116.42647,31.948,8.392714,3.174604691678088,38.0,,60.194,23.958,9.34,7.19,3.4037581441605873,1364762496.0,272300000,TMT (Tech · Media · Telecom),Semiconductors,77.71;76.33;75.55;74.27;69.55;64.68;62.42;64.27;62.66;64.83;59.76;65.27;70.38;73.18;76.49;80.53;88.99;89.72;94.82;101.1;97.21;93.38;93.55;98.05;94.65;96.55;91.37;92.94;95.63;102.7;94.12;91.2;87.59;88.26;87.11;80.96;85.02;77.9;75.01;80.67;84.69;79.44;79.17,-8.219341284142223,1.8786388927369169,23.075289987427936
ARM,Arm Holdings plc,279.44,298441539584,91.373116,285.14285,277.37,57.88238,0.4471562403344286,22.400000000000002,108.3,97.537005,7.603,20.247999,13.352998999999999,-3.1992103999010366,1334499968.0,3888000000,TMT (Tech · Media · Telecom),Semiconductors,125.3;126.9;128.1;127.4;124.1;117.6;115.1;127.3;132.4;157.1;137;149.1;148.9;157.6;162.3;175.5;234.8;201.7;203.3;213.3;207.9;209.2;256.7;321.2;353.3;411.8;346.4;342.2;396.3;407.7;347.7;354.6;322.2;327.9;281.2;267.2;283.4;266.3;241.5;280.6;282.6;271.9;279.4,0.8772219739774823,123.05236682967231,143.56314326257586
MPWR,"Monolithic Power Systems, Inc.",1402.01,68898979840,40.2934,85.48842,67.485,21.049696,0.6448805614129686,47.599999999999994,85.8,55.19500000000001,30.989,24.500999,21.979000000000003,-1.3944338159748362,444316128.0,1413761024,TMT (Tech · Media · Telecom),Semiconductors,1167;1171;1209;1139;1095;1058;1030;1063;1065;1115;998.8;1117;1311;1370;1401;1526;1630;1525;1571;1574;1597;1548;1551;1660;1564;1687;1557;1587;1496;1536;1436;1382;1346;1374;1376;1312;1398;1339;1316;1335;1402;1425;1402,3.6483650243917642,20.10179293131833,50.26610614847582
ALAB,"Astera Labs, Inc.",321.61,55794540544,50.30194,158.42857,191.264,46.421215,0.16473498500720982,104.5,186.20000000000002,75.128996,22.744,30.742002000000003,25.826,-4.234624703920167,91913128.0,1252957952,TMT (Tech · Media · Telecom),Semiconductors,129.3;132.6;128.4;118.8;113.8;122.3;119.9;127.6;116;120.3;100.3;117.1;125.5;166.8;170.8;192;212.8;196.9;201.2;195.6;204.4;232.7;287.5;318.7;342.9;363.5;346.3;367.5;361.7;439.7;398;483;432.7;417.5;361.8;303.6;330.9;282.5;299.7;361.7;334.2;318.8;321.6,-8.27391768000253,148.69313883137409,79.1100410583461
CRDO,Credo Technology Group Holding ,259.9,48465604608,28.636374,103.13492,98.089,36.300667,0.5175012878279454,157.0,343.2,68.03500700000001,35.661998,35.374,34.408,-2.956034007231527,250810128.0,1443286016,TMT (Tech · Media · Telecom),Semiconductors,121.4;130.7;120.8;112.3;102.5;116;111.6;104.1;103.4;103.9;87.81;101.4;110.2;134.4;158.9;183.3;195;175.8;180.1;188.3;198.6;172.2;183;221.6;236;214.6;222.3;264.8;239.2;302.5;268;272;265.5;265.6;236.2;202.7;228.3;208.1;201.1;237.9;249.9;268.2;259.9,14.624674781671931,114.01514218668095,81.46906275749606
AMAT,"Applied Materials, Inc.",507.18,402680348672,28.031849,43.684753,39.391,13.058351,0.7935264570367119,24.8,42.8,49.397999999999996,33.736,30.052,41.068,-0.2647957162817112,3195375104.0,9233000448,TMT (Tech · Media · Telecom),Semicap Equipment,354;369.4;377.5;371.8;357.3;338.5;336.9;352;356.6;368.9;322.7;348;385.2;395.2;389.4;393.8;416.5;382.1;390.9;410.1;430.7;436.1;426.3;454.9;450.1;500.8;492.2;552.6;568.2;640.2;668;723;592.8;588.7;595.7;529.7;553.9;516.9;501.8;546.6;539.1;548.2;507.2,-12.469150874698908,43.25993340277117,89.10397213063719
LRCX,Lam Research Corporation,332.36,415889031168,28.757978,57.801735,47.959,17.901028,0.743103147327679,30.0,34.8,50.468999999999994,37.390997999999996,31.272,65.06600399999999,-0.16867845618279478,3090484480.0,5579170816,TMT (Tech · Media · Telecom),Semicap Equipment,235.1;236.9;243.8;233.4;222.8;211;209.3;226.3;228.2;233.3;199.8;218.3;246.3;267.1;260.8;258.2;267.6;248.6;258.4;286.3;289;284.5;291.9;322.5;318;343.5;324.2;362.3;369.1;409.5;401.8;433.3;350.2;353.2;346.1;313.3;319.3;291.6;297.7;317.7;311.4;326.1;332.4,-0.9152453242862402,41.38012662165886,79.93763265122695
KLAC,KLA Corporation,203.72,266169712640,30.996666,55.509537,44.167,19.600882,0.9860579154435233,15.2,13.8,61.301,42.486000000000004,35.574,87.496,0.2063343570642209,2624587520.0,4902408192,TMT (Tech · Media · Telecom),Semicap Equipment,146;146.8;150.5;152.3;147.4;142.7;140.8;147.9;149.7;154.2;138.1;151.5;167;176.7;173.3;178.3;193.3;181.4;171.1;176.1;180.9;180.2;182.9;201.1;192.2;212.5;210.8;241.2;237.3;269.2;258.8;301.7;233.3;229.5;230.4;212.8;214.7;203.4;180.3;195.4;198.1;208.2;203.7,-9.256124177860524,39.499271470970385,60.25882934899727
ASML,ASML Holding N.V. - New York Re,1844.08,708311121920,31.09138,62.89495,2916.952,20.04985,1.1912385316113943,21.3,28.499999999999996,52.73300400000001,37.057,30.114,53.942,-0.4149565363317139,8437675008.0,7581499904,TMT (Tech · Media · Telecom),Semicap Equipment,1402;1454;1493;1446;1395;1353;1347;1384;1313;1389;1250;1313;1416;1495;1406;1454;1453;1392;1384;1515;1519;1500;1548;1630;1611;1724;1747;1897;1802;1927;1839;1987;1823;1802;1773;1745;1800;1653;1651;1712;1741;1810;1844,1.718467883851349,31.5572938184012,59.2172663332387
TER,"Teradyne, Inc.",418.79,65473945600,36.249367,57.44719,43.362,14.667,0.6680233549266963,103.89999999999999,385.8,59.242,33.161,25.766,36.464999999999996,-0.16924912992141522,437381248.0,354828992,TMT (Tech · Media · Telecom),Semicap Equipment,314.5;315.8;329;319.9;305.1;296.3;286.5;299.3;290.7;323.2;276.2;309.5;358.2;370;365.8;379.8;417.9;306.2;337.3;354;358.3;337.8;344.2;389.1;374.3;409.7;374.7;381.4;409.4;457;472;483.8;379.5;362.8;353.2;322.4;369.5;334.8;365.5;403.6;379.3;402.7;418.8,22.410269648657156,33.14313362930375,101.9287610487297
ENTG,"Entegris, Inc.",161.76,24716926976,32.25099,80.47761,30.527,7.431204,1.9330375837737799,11.5,75.1,45.555001,19.271,9.1850005,7.671,3.5054114877302203,477787488.0,353600000,TMT (Tech · Media · Telecom),Semicap Equipment,131.2;132.5;136.1;132.2;128.8;117.2;109.8;115.9;114.5;123;108.5;116.2;129.4;137.9;135.7;146.8;155.7;149.2;138.8;147.5;145.2;133;127.6;142;138.7;140.2;132.6;144.8;151.5;183.8;176.1;179.7;145;146;140.5;138.6;137.4;126.3;117.1;144.6;152.1;161.1;161.8,16.733003020647708,23.266360540543495,81.04468136249272
MSFT,Microsoft Corporation,495.4,3678615371776,21.015318,27.62967,19.206,11.085542,0.4497752139825369,17.7,31.7,67.944,45.111000000000004,40.305,34.039003,0.26755971977394727,16545500160.0,76842999808,TMT (Tech · Media · Telecom),Software — Infrastructure,399.5;397.6;388.2;391.9;404.3;408.5;401;398.5;381;370.2;358.2;372.7;373.5;383.5;419.4;423.2;423.7;423.5;412.7;419.9;406.9;421;420.1;416;450.2;427.3;411.7;390.3;393.8;367.3;352.8;373;386.7;384.4;384.9;393.8;390.3;389.1;451.1;492.8;500;492.4;495.4,25.218003635296625,23.99236000256948,5.215492796166088
ORCL,Oracle Corporation,150.52,433568514048,13.790274,25.818182,18.843,6.436874,-5.659255523634163,20.599999999999998,21.9,65.822,36.202,25.368000000000002,53.376000000000005,4.444743220256114,-24536750080.0,31893999616,TMT (Tech · Media · Telecom),Software — Infrastructure,159;155.5;145.1;144.4;151.3;150.5;158.1;153.6;148.6;145;137.8;145.4;142.7;155.1;177.7;180.5;172.7;163.3;179.7;193.9;186.2;192.3;187.5;192.4;225;229.5;211.1;183.5;187.7;174.5;151.9;146;143.3;143.7;127.9;126.4;125.8;119.9;127.6;145.7;147;153.3;150.5,13.608572746437964,-5.350824925759079,-22.348447099457015
PANW,"Palo Alto Networks, Inc.",384.27,313180028928,93.3274,334.14783,210.448,29.52718,1.14291294890419,31.1,,71.963996,-2.465,7.947,4.8309997000000005,-0.6612740430328484,3579375104.0,3111000064,TMT (Tech · Media · Telecom),Software — Infrastructure,166.9;151;141.7;148.9;158.6;165.1;168.1;169.2;162.9;153.2;154.4;163.2;173.8;162.5;167;175;178.5;181.5;184.6;196.5;215.6;242.8;246.7;256.8;281.7;280.4;266.3;279.5;279.9;286.4;293.1;341;357.5;338.3;352.9;358.7;335.3;317.3;325.7;366.3;363.9;387;384.3,8.544715253022561,130.17070742014042,114.23314906298425
CRWD,"CrowdStrike Holdings, Inc.",216.95,220911337472,138.45369,,3661.919,43.36527,0.872008235541176,25.6,,75.136,-2.2079999,-0.598,-0.24899999,-62.904934203206395,1926365056.0,4552800768,TMT (Tech · Media · Telecom),Software — Infrastructure,107.4;105.5;87.56;93;101.9;108.5;110.4;108.3;102.2;96.46;95.01;99.78;106.6;100.6;104.6;112.4;112;113.1;117.3;126.4;136.5;148.5;162.5;167.9;182.8;186.9;164.7;172.9;169.9;168.9;169.7;190.8;199.4;198.4;210.7;203.1;188.4;180.1;185.2;211.2;214.4;221.8;216.9,4.923341135287229,101.9830458536469,91.32237168376662
FTNT,"Fortinet, Inc.",160.01,117401518080,42.56083,56.540634,43.876,15.596557,1.929776968008351,25.6,43.9,80.204004,33.595002,28.173,117.44200000000001,-1.3514908365454144,2265587456.0,4069600000,TMT (Tech · Media · Telecom),Software — Infrastructure,85.56;81.67;75.23;79.03;82.79;83.81;84.4;83.16;81.4;78.89;79.05;82.53;83.51;78.74;82.4;85.26;84.34;86.11;89.24;108;113.9;122.8;130;134;138;146.5;143;145.1;147;145.4;149.9;153.6;162.4;163.7;166.8;161.6;155.1;152.4;154.2;168.3;159.6;160.8;160,-2.735396115895572,87.0149591779229,105.45711370041614
DDOG,"Datadog, Inc.",255.46,91729305600,86.14254,500.90198,1061.82,23.124695,1.146212047635952,35.6,1498.5,79.536,0.666,4.4770002,4.696,-44.72583142936415,1051412352.0,4985438208,TMT (Tech · Media · Telecom),Software — Infrastructure,125.2;120.6;104.4;112;118.3;128.6;127.2;128.9;125.1;123.3;115.8;120.4;116.5;110.1;123.5;129.3;129.5;134;146.7;188.7;199.9;208;212.2;223.6;247.4;250.3;231.7;234.2;231.1;221.4;220.9;260.4;255.4;269;270.7;258.7;245.8;251.9;268.6;288.1;233.9;240.9;255.5,-3.4031554987551726,104.04154388236498,90.96957356265736
SNOW,Snowflake Inc.,328.92,114003673088,121.87414,,-101.024,22.652035,1.5258260377779873,33.5,,67.144996,-22.173999,-23.785999999999998,-54.869,0.16233992714908715,1739497728.0,2954998016,TMT (Tech · Media · Telecom),Software — Infrastructure,182.3;179.2;161.1;168.4;168.3;182.8;177.2;174.6;168;160.6;153.7;151.9;150;134.2;143.6;150.8;140.3;141.2;144.2;153.7;152;157.5;167;177.6;255.6;241.3;240.4;240.4;238.3;226.6;227.1;254.5;262.1;267.5;275.9;268.9;267.8;272.9;298.1;316.8;330.5;332.3;328.9,20.984301075944735,80.43777801420109,51.778876488164926
MDB,"MongoDB, Inc.",460.33,37025226752,62.752876,,-432.652,14.2273445,1.3979802999370972,25.2,,71.970004,-3.6069999999999998,-1.118,-0.975,29.56840437936157,517605376.0,2427152896,TMT (Tech · Media · Telecom),Software — Infrastructure,368.4;355.9;312.5;328.5;248;271.7;260.7;272.3;261.2;246.5;235.2;253.1;250.3;236.1;251.1;261.4;253.6;258.3;264.7;293.4;308.7;312.2;329.1;307.4;335.5;368.3;352.6;354.4;348.8;319.2;294.1;335.9;357.9;362.9;344.7;312.3;305;309.7;325.9;380;398.8;437.8;460.3,38.22062657981655,24.953852931282185,15.183283773926014
NET,"Cloudflare, Inc.",315.78,112442851328,188.97893,,-22153.637,44.756046,0.614577314465449,35.9,,72.577006,-7.902000000000001,-8.2100004,-14.425999000000001,125.50984584901921,691048256.0,4162798080,TMT (Tech · Media · Telecom),Software — Infrastructure,195.9;192.6;163.8;172.2;185.9;201.5;212.1;211.5;215.4;218;194.6;211.7;211.2;184;197.4;207.7;207.1;212;224.2;256.8;186.8;197.6;210.1;217.5;241.8;265.3;247.8;227.4;231;218.4;226.6;245.3;247.6;275.8;281.8;277.7;269;265.6;283.4;301.3;300.3;311.5;315.8,15.653380053034693,61.23563387197078,61.09580241635631
ZS,"Zscaler, Inc.",183.6,29689868288,39.932316,,-460.868,9.355371,3.7346698518300947,25.4,,76.737,-3.276,-2.4389998999999998,-3.7100002,27.484441871175736,1108818560.0,3539107072,TMT (Tech · Media · Telecom),Software — Infrastructure,177.7;169;149.4;147;156.2;162.6;151.6;156;151.5;139.4;137.3;138.6;137.9;122.6;134.3;139.6;135.5;134.7;142.2;152.8;146.2;161.1;174.4;184.6;139.7;134.4;129.2;126.1;127.2;124.1;123.8;141.1;150.4;147.1;152.1;149.9;142.3;147.3;148.4;163.2;168.7;177.3;183.6,23.895001740154733,3.3085780117176444,-16.761118916027616
CRM,"Salesforce, Inc.",196.21,160695990000,12.641134,22.735806,14.844,3.7520368759150586,10.300817049635153,13.3,52.2,77.643996,21.8,18.733,16.908,2.3816207915444836,16552999936.0,11836999680,TMT (Tech · Media · Telecom),Software — Applications,188.8;184.4;184.5;193.8;192.1;197.8;198.3;194.3;194.4;181;184.1;186.2;175.5;172.4;180.8;186.6;177.7;180.8;185;185.9;170.9;173.1;179.6;178.6;190.6;190.1;182.1;166.4;161.7;150.1;150.2;156.7;165.6;162.5;167.6;170.8;163;173.6;180.7;191;192.7;193.3;196.2,17.49102198435162,3.9470862354223257,-22.242567058188524
ADBE,Adobe Inc.,264.02,104947949568,9.602888,15.104118,10.936,4.164932,8.783758705096991,12.7,7.9,89.404,35.327998,28.688999999999997,62.953996999999994,0.14914176720983538,9218374656.0,5625999872,TMT (Tech · Media · Telecom),Software — Applications,264;259.2;255.2;262.4;273.1;282.4;269.8;254.2;248.1;237.2;241.1;242.9;239.3;240.1;248.2;247.2;245.4;243.6;254;256.5;240.8;247.6;253.4;240.5;259.2;256.2;245;218.8;207.3;194.9;193.4;205;218.1;222.6;220.8;237.2;218.4;237.8;247.9;257.5;265.2;258.8;264,17.572137461740912,0.01893692189929297,-20.786079002898305
NOW,"ServiceNow, Inc.",124.0,128198893568,24.769337,77.5,45.56,8.702069,4.016707814462251,24.0,-21.9,74.768996,4.063,11.336,14.244000000000002,1.3079048241994853,5149374976.0,4664000000,TMT (Tech · Media · Telecom),Software — Applications,107.1;107.4;102.5;108;113.9;121.9;113;116.7;110.4;103.1;105;102;97.47;89.06;96.44;100.1;90.17;88.89;91.97;93.59;89;95.07;103.3;99.92;124.4;117.9;114.2;103.1;101.3;93.01;89.52;99.28;107.9;108.8;104.8;103.2;95.46;105.6;110.1;118.1;124.9;124.9;124,18.39969065731024,15.801268098258724,-15.90369442765983
INTU,Intuit Inc.,345.66,94550794240,12.653422,21.102566,14.769,4.5185566,5.53353363348754,10.4,10.7,80.793,46.974,21.907,22.496,0.01872066932858747,5232000000.0,6780000256,TMT (Tech · Media · Telecom),Software — Applications,396.4;378.7;356;406;436.8;470.1;431.9;455.8;452.2;423.7;425.8;419.3;386.6;367.8;385.4;403.1;394.2;393.3;405.2;405;386;391.3;382.2;303;330.1;310.1;304.2;275.7;279.8;256.6;253.9;259.8;270.9;273.4;282.4;291.1;284.5;303.9;315.5;323.6;325.2;334.7;345.7,23.582405640459946,-12.80318012477445,-44.570663163012036
WDAY,"Workday, Inc.",198.68,49068687360,15.713555,61.701862,32.094,4.9795704,6.355886248023733,13.5,248.0,75.766,13.297,8.595,10.857999999999999,-0.36243386243386244,3118749952.0,4352999936,TMT (Tech · Media · Telecom),Software — Applications,144.4;140;130.2;133.8;143;148.1;134.1;135.2;136;127.1;128.8;132.3;119.2;119.9;124.9;129.2;119.8;122.4;127.9;130.9;118.6;125;126.6;124;146.2;146.9;143.8;130.5;126.8;113;113.8;122.4;138;138.3;139.8;144.8;132.4;147.5;158.1;171.3;179.6;175.3;198.7,40.0930633303193,37.570970222116706,-3.4549787853220493
TEAM,Atlassian Corporation,162.22,41166221312,24.03391,,201.35,6.263587,3.6681314336708972,27.6,,85.634005,11.928999999999998,-0.819,-4.478,-0.032420027895089826,1510031104.0,1239512064,TMT (Tech · Media · Telecom),Software — Applications,84.38;80.26;71.18;75.13;76.81;82.04;73.34;74.91;73.73;66.46;66.88;68.29;63.62;61.3;68.73;71.22;71.55;70.49;93.16;92.37;85;87.46;86.23;84.92;107.6;101.5;97.89;89.2;87.95;79.96;74.68;77.79;85.5;90.71;89.08;93.29;85.4;95.87;98.12;110.3;149.1;155.2;162.2,76.76801477028224,92.24935589119387,4.820371529244061
HUBS,"HubSpot, Inc.",224.14,11473885184,13.524757,80.05,64.316,3.32673,5.810159307935428,19.8,,83.248,4.869,4.2579997,7.892,-7.028009062611641,666651008.0,1337943040,TMT (Tech · Media · Telecom),Software — Applications,243.9;239.4;232.6;264.5;278.6;286.8;257.6;265.5;258.8;238.1;237.8;244.7;218;205.3;223;230.5;223.3;227.2;247.4;243.7;179.6;198.4;203.4;198;220.6;222.4;208.1;186.4;182.9;172.8;170.3;182.5;193.8;205.9;209.7;224.3;204.9;223;233.1;248.9;210.4;210.1;224.1,4.0913934350430115,-8.082840361094835,-41.3599160329497
VEEV,Veeva Systems Inc.,243.75,39595552768,24.301441,43.29485,31.562,11.929188,3.181036676972298,16.3,14.6,75.021005,30.932,28.370002,13.934,-7.026177116332947,1259549056.0,7312718848,TMT (Tech · Media · Telecom),Software — Applications,174.1;182.6;175.8;182;188.5;195.6;180.8;186.7;184.1;178.1;176;174;166.6;158.4;167.7;167.8;161.1;158.2;170.2;168.2;159.4;158.9;165;158.5;174.3;178.7;167.2;161.6;163.4;153.2;158.1;177.5;192;189.7;193.1;195.4;184.6;194.5;201.6;211.9;230.5;241.5;243.8,25.858420150016272,39.99770211103431,11.052892568992846
ADSK,"Autodesk, Inc.",251.66,53136814080,17.68705,36.738686,24.731,7.0783024,5.760601174529431,18.4,231.4,92.43400000000001,29.524,19.488001,50.395999999999994,-0.09350163348101705,3060999936.0,2924000000,TMT (Tech · Media · Telecom),Software — Applications,231.2;229.1;220.9;245.9;257.9;260.8;249.9;252.9;248;235.4;235.7;238.1;240.6;227.1;243.2;245.5;237.4;235.9;247.5;251;234.9;236.6;243.6;238.2;231.3;229.6;225;205.6;201.4;187.7;189.7;194.4;207.5;208.6;205.9;218.4;203.5;225.9;235;237.2;249.1;249.5;251.7,20.42301120065819,8.84006674746789,-12.231020814173144
SNPS,"Synopsys, Inc.",421.5,80708534272,24.391642,96.23287,52.507,9.2988825,4.384862919295713,41.9,-96.0,82.598996,10.383000000000001,8.9090005,3.8240000000000003,4.927049299889368,3538958592.0,2484438016,TMT (Tech · Media · Telecom),Software — Applications,437.1;442.4;440.7;414;431;437.2;418.7;429.3;420.3;410.1;383.1;396;410.2;417.8;441.1;467.6;500.8;481.2;497.5;505.2;513.2;502.4;498.9;534.6;475.6;498;473.5;456.3;448.4;464.6;455;446.1;442.3;443.4;425.9;384.3;377.6;389;372.3;403.9;416;412.3;421.5,-0.8888259006176624,-3.5667703375757087,-12.264271217043543
CDNS,"Cadence Design Systems, Inc.",324.82,89453150208,34.058502,64.57654,42.011,15.323558,1.799463227686355,24.2,125.4,85.871005,28.575,23.605,23.229,0.5192801960400844,1609676544.0,1531835008,TMT (Tech · Media · Telecom),Software — Applications,299.5;296.6;290.6;301.4;305.4;298;290.3;293.8;283.9;281.4;270.9;278.7;289.5;288.2;307;325.8;332.9;330;349.5;356.9;358;347.2;350.9;381.8;374.9;408;394.2;383.7;387.9;389;368.2;375.3;375.8;386;376.8;330.1;337;338.6;332.8;340.6;339.2;323.1;324.8,-12.565273936953226,8.46858231242047,4.645622973995067
GOOGL,Alphabet Inc.,345.9,4230334382080,23.456905,17.364458,23.831,9.4879055,0.5357732725812543,24.2,294.0,60.897,34.033,54.771,48.676,-0.7027037421946938,22665000960.0,242473992192,TMT (Tech · Media · Telecom),Internet,305.3;302.5;310.5;311.4;302.7;306.2;303.4;310.7;300.8;290.8;273.3;295.6;317.1;321.1;335.8;332.1;344.2;349.7;383;397.8;387.1;396.5;388.7;388.6;380.1;358.8;363.3;357.8;373.2;349.7;343.7;357.4;366.5;358.9;359.5;346.8;342.1;326.6;333.7;377.6;354.3;343.5;345.9,-6.74539486290745,13.29001750158174,9.900130024889918
META,"Meta Platforms, Inc.",589.85,1502646501376,16.908413,22.224941,13.905,6.583423,1.4343776176408065,28.000000000000004,-13.4,81.747,34.827000000000005,29.834998000000002,29.848000000000003,0.20115818318464143,21553625088.0,90259996672,TMT (Tech · Media · Telecom),Internet,638.6;643.6;638.2;647;666.5;646.2;637;622.1;593.1;594.3;535.9;573.9;611.9;633.9;676.2;668.2;674.4;668.5;609.8;616.2;602.4;613.7;604.5;611.8;631.9;622.4;584.8;567.9;600.2;563.8;542.9;563.3;600.3;631.5;661;646;627.2;593.9;539;587.9;592.1;578.8;589.8,-13.424142064609956,-7.638344859144707,-9.149278080934131
SPOT,Spotify Technology S.A.,512.82,105427697664,28.735329,27.931372,36.865,5.8205543,1.4620209016727181,13.900000000000002,,32.766998,13.712,18.434,44.484,-2.4297427433829535,1541374976.0,6984999936,TMT (Tech · Media · Telecom),Internet,458.3;485.3;465.7;514.9;534.1;544.9;509.6;525.2;474.5;473.2;475;489;483.2;504.1;531.5;522.4;518;443.6;438.3;427.4;432.8;436.9;433.3;529.7;497.7;487.5;503.1;486;469.8;459.3;441.2;459.1;483;485.9;481.1;478.1;474.2;494.7;522.6;478.2;488.1;489.6;512.8,5.6533030131785456,11.886375053807253,-10.81391176970109
PINS,"Pinterest, Inc.",24.06,13625491456,10.032566,70.7647,42.796,2.9908535,8.780901326484967,18.2,,79.473,-3.4639999999999995,5.4640003,6.461,-0.247242143570174,1196440960.0,1274900992,TMT (Tech · Media · Telecom),Internet,15.42;16.77;16.95;17.13;19.38;19.65;18.09;18.56;18.68;18.68;18.01;18.18;18.1;18.02;20.12;20.62;19.92;19.73;20.85;21.55;20.56;19.47;18.81;19.33;20.05;20.67;21.99;21.5;21.16;19.5;19.48;21.03;22.25;22.7;22.61;23.2;22.54;23.5;24.43;25.58;23.68;22.9;24.06,1.6047261649888789,56.03112416926124,-9.41265079167537
SNAP,Snap Inc.,5.41,9149379584,7.015405,,-73.253,1.4406012,7.8066275143842585,18.9,,57.333,-2.6400002,-4.901,-15.576,-10.70549277993463,714257984.0,2659758080,TMT (Tech · Media · Telecom),Internet,4.83;5;4.97;5.21;5.37;5.13;4.65;4.65;4.48;4.49;4.02;4.63;4.73;5.15;6.02;5.64;5.65;5.98;6.17;5.98;5.55;5.53;5.62;5.75;5.71;5.73;5.65;5.33;5.16;4.63;4.34;4.44;4.75;4.7;4.68;4.53;4.47;4.52;4.69;5.79;5.33;5.2;5.41,13.655453514189508,12.008280183595144,-33.456337376888925
TTD,"The Trade Desk, Inc.",14.14,6644106240,14.206345,16.833334,8.013,2.2220066,8.774585278154735,3.0,-23.599999999999998,76.872003,14.205000000000002,13.608,15.440999999999999,-1.506088913328105,582992768.0,1485332992,TMT (Tech · Media · Telecom),Internet,25.81;25.24;24.94;23.82;25.17;28.56;26.52;25.07;24.11;21.97;22.01;22.05;20.25;21.22;22.76;23.2;23.97;24.37;24.1;23.49;21.14;21.15;21.02;22.18;21.56;20.56;19.43;18.9;18.96;18.02;17.33;18.08;19.31;19.75;18.94;18.59;17.58;17.88;18.28;19.34;13.8;13.49;14.14,-27.00051765262407,-45.21503046917452,-62.47346011464745
RDDT,"Reddit, Inc.",178.09,34263894016,18.493557,41.51282,39.298,12.330314,1.9789599386554442,61.1,177.8,91.44200000000001,28.788000000000004,31.348,30.712,-3.45031985547725,678068736.0,2786356992,TMT (Tech · Media · Telecom),Internet,139.6;146.1;142.1;145.8;147.3;138.9;132.2;144.3;139.9;139.6;124.1;136;145;149.4;162.4;156.8;154.9;147.8;169.1;163.9;152.4;158.2;146.7;144.6;176;169.5;171.1;173.3;175.4;170.4;158;173.6;200.9;200.3;203.3;181.2;170.4;179.2;178;160;161.7;153.4;178.1,-10.069182732071447,27.525960702798113,-26.375626612403103
NFLX,"Netflix, Inc.",78.16,325453545472,20.478533,24.578617,22.61,6.7283106,7.800668673368066,13.4,11.1,49.118,33.381,28.219,49.541000000000004,0.5110874747049546,25387552768.0,9127910400,TMT (Tech · Media · Telecom),Media & Entertainment,76.87;77;78.04;96.24;98.66;98.32;94.31;94.36;91.82;92.28;92.97;98.66;99.39;103.2;107.8;92.58;92.44;92.12;91.02;88.25;87.66;87.02;88.09;87.68;86.02;81.52;82.64;81.27;78.72;72.88;70.9;71.4;76.02;75.47;73.53;68.95;68.53;70.4;73.17;73.57;74.14;74.21;78.16,6.0803519793401595,1.6781590600173368,-14.100444557509784
DIS,Walt Disney Company (The),106.85,184496488448,14.377424,22.030928,11.075,1.8662212,2.6343997551855236,6.800000000000001,-48.3,37.595,19.301,8.6990006,8.01,1.9489577552990278,4860375040.0,5184999936,TMT (Tech · Media · Telecom),Media & Entertainment,104.6;105.2;105.2;105.2;102.3;100.9;98.67;99.54;98.75;95.22;93.6;95.88;98.43;100.4;103.1;103.5;101.8;100.5;100.5;107.8;105.4;101.9;103.3;102.5;101.1;98.63;98.12;99.58;100.5;101.7;97.3;96.25;97.41;96.17;95.87;97.67;95.87;96.65;96.16;98.18;104.9;103.2;106.8,9.984556660720468,2.1040663612424293,-3.7382835829153804
CMCSA,Comcast Corporation,26.18,92903309312,7.227592,8.3910265,5.16,0.7437977,13.667569723869773,-1.2,-66.8,69.39,17.233999,8.966000000000001,11.4879996,2.427728719730421,12697624576.0,7661000192,TMT (Tech · Media · Telecom),Media & Entertainment,30.79;30.6;30.83;30.19;31.29;30.27;29.41;29.33;28.3;28.02;28.18;27.55;27.58;27.67;28.96;28.66;27.19;26.4;26.71;25.89;24.57;24.43;24.55;24.81;24.54;23.2;23.44;23.65;23.34;22.02;22.39;24.22;23.38;23.35;23.19;23.79;23.52;22.8;23.67;24.93;25.36;25.47;26.18,11.451683951760083,-14.965873869922353,-1.8967652690708436
WBD,"Warner Bros. Discovery, Inc. - ",27.99,70174760960,273.82117,,12.838,1.9430918,23.038731627764992,-11.200000000000001,-90.60000000000001,47.811002,5.1049999999999995,-8.769,-8.786,3.671499962912357,16167374848.0,3411000064,TMT (Tech · Media · Telecom),Media & Entertainment,27.99;28.53;29.15;28.17;27.95;27.75;27.43;27.64;27.42;27.22;27.09;27.32;27.55;27.39;27.39;27.31;27.07;27.05;26.96;27.12;27.2;26.98;27.42;27;27.01;27;26.47;26.86;26.6;26.95;26.98;26.66;26.12;26.63;27.48;26.87;25.85;25.28;25.47;25.79;26.78;27.65;27.99,2.6402614641303,0.0,-1.8239230220590819
LYV,"Live Nation Entertainment, Inc.",188.46,43903549440,99.80829,,30.856,1.6710817,3.8608055103072774,9.4,156.20000000000002,25.777,6.696000000000001,0.513,17.677,1.4255719531276632,1695030656.0,9071948800,TMT (Tech · Media · Telecom),Media & Entertainment,158.3;157.5;158;162.1;158.6;165.8;160.3;155.8;148.9;154.9;148.7;155.8;163.6;165.7;160.6;153.4;156.6;153.1;157.6;165.8;165.7;168.9;164.4;166.5;168.4;164.2;159.5;172.3;174.1;170.6;175.1;183.1;183.3;182.6;181.6;180.2;177.9;179.4;183.6;183.7;180.7;185.3;188.5,5.615335202515026,19.074999448053553,29.695141339379582
EA,Electronic Arts Inc.,209.7,52925640704,21.720531,59.743587,30.355,6.745557,3.197882813484929,18.9,97.5,79.875,25.881,13.803001,16.458000000000002,-0.3088064519119351,1692499968.0,2404000000,TMT (Tech · Media · Telecom),Media & Entertainment,208.9;209.7;209.7;209.7;209.7;209.7,,,
TTWO,"Take-Two Interactive Software, ",246.95,46174822400,23.97326,,61.7,6.905679,2.720394809791407,2.0,,57.126,0.51499996,-4.792,-9.039,1.4587084340230527,1256137472.0,1826599936,TMT (Tech · Media · Telecom),Media & Entertainment,193.7;201.4;204.2;211.5;215.8;214.6;209.2;206.7;200.6;193.1;193.1;199.9;202.1;201.4;213.9;217.6;210.8;215.3;225.2;223.5;226;242.4;236.6;220.7;224.2;215.8;212.6;212.1;230;239.6;238.7;250;258.4;246.1;237;236.7;233.6;243.9;247.4;240.2;246.5;243;246.9,1.2920401382503943,27.51071373110605,-1.8481752950992747
RBLX,Roblox Corporation,38.23,27310592000,-31.25179,,-30.953,4.8035083,5.405795260681277,35.9,,25.674000000000003,-13.274,-17.607,-432.27500000000003,1.3965256986117862,1476354688.0,3014000128,TMT (Tech · Media · Telecom),Media & Entertainment,63.17;64.44;67.09;68.66;67.4;62.65;56.3;57.79;56.96;56.65;51.91;60.11;55.43;57.66;60.44;61.26;56.09;56.28;47.57;44.78;41.54;42.85;45.79;46;47.15;43.68;42.3;43.49;49.34;47.27;46.39;54.38;57.03;56.43;54.47;51.68;49.64;48.42;48.67;37;37.79;35.54;38.23,-33.012090859177846,-39.48076515691529,-52.77331564733743
TMUS,"T-Mobile US, Inc.",182.61,195880566784,12.6474,19.081505,9.121,2.1247716,5.787199656462272,7.9,5.3,63.054,25.22,11.455,17.994,3.4215475220515583,11335999488.0,2824999936,TMT (Tech · Media · Telecom),Telecom,217.3;213.1;219.7;215.9;218.5;216.3;213.2;212.2;207.3;210.2;212.8;200.3;196.6;191.4;196.1;194.3;188.8;197.1;193.4;193.2;192.3;184.2;189.1;190.1;187.5;181.4;178.4;185.8;184.4;180.1;181.6;167.7;181.8;181.5;187.1;192.4;190.9;177.2;173.3;177.2;177.2;177.1;182.6,-2.670288155431777,-15.952786192623037,-7.564071440769659
VZ,Verizon Communications Inc.,48.48,201423503360,9.180966,12.625,7.724,1.4501854,8.671591799683014,-0.7000000000000001,-22.0,59.453,22.999,11.643,15.842,3.7557262524084507,17466624000.0,1796000000,TMT (Tech · Media · Telecom),Telecom,47.47;47.12;48.3;48.57;49.6;48.87;49.04;48.94;48.41;48.79;48.72;47.85;46.53;44.66;46;45.49;45.6;45.83;46.77;46.3;47.13;45.59;47.02;47.68;47.01;45.87;44.68;46.15;45.95;44.6;45.3;41.63;41.36;41.53;42.47;43.59;44.29;47.32;46.11;46.88;47.06;46.98;48.48,13.191682161183117,2.1180464963571843,25.657378766683635
T,AT&T Inc.,24.89,170555883520,9.708549,8.214521,7.493,1.3404372,5.946438151933183,2.3,6.2,59.721000000000004,24.786,16.943,18.339,3.297491868885714,10142000128.0,17570000896,TMT (Tech · Media · Telecom),Telecom,28.02;27.23;27.69;27.35;28.3;26.88;26.75;27.2;27.65;28.13;28.11;27.67;26.71;25.27;26.05;25.54;25.85;25.41;25.76;24.93;24.9;23.71;24.6;24.69;24.47;23.24;22.2;22.7;22.85;21.81;22.12;20.43;20.31;20.76;21.28;21.81;23.04;24.42;23.21;23.38;23.79;24.25;24.89,16.145585791881658,-11.163260806120789,4.992159497306714
CHTR,"Charter Communications, Inc.",154.27,20792123392,3.497971,4.014312,5.48,0.38223627,10.573114013193328,-1.7000000000000002,16.1,55.189997000000005,23.503,9.052,27.201998,4.4098558273418105,2198374912.0,509000000,TMT (Tech · Media · Telecom),Telecom,239.1;231.5;231.9;234.6;232;222.8;215.1;222.5;213;218.9;220.9;219.8;221.6;226.3;236;241.9;180.1;158.6;165.3;160.2;147.9;140.3;144.6;144;144.1;129;132.2;139.1;141.8;125.5;129.6;142.2;135.4;134.4;127.9;131.4;129.2;131.6;142;153.1;152.6;150.2;154.3,17.548001992804284,-35.476177742526296,-26.285356855744514
AAPL,Apple Inc.,305.93,4464797286400,32.17704,35.083714,26.713,9.5642185,2.412693534466309,16.400000000000002,28.7,48.653,32.623002,27.618998,148.75101,0.13065685929459028,107721875456.0,62399000576,TMT (Tech · Media · Telecom),Hardware & Networking,255.3;260.1;271.7;263.7;262.1;259.4;255.3;253.8;247.5;252.2;246.2;255.5;258.4;258.7;262.9;265.7;270.6;269.7;276.3;286.9;294.5;300;302;308.1;311.8;310;301.3;295.4;299;296.8;274.9;289.1;312.4;315.9;314.6;333.5;325.6;336.6;333.1;309.1;313.1;302.2;305.9,-6.505700796836644,19.820136775749518,13.192400163995345
CSCO,"Cisco Systems, Inc.",111.68,440179425280,20.552118,33.537537,24.409,6.951116,2.628019242980643,17.599999999999998,52.0,64.564,27.700999999999997,20.951,27.319,0.7309674056186624,11568000000.0,15918000128,TMT (Tech · Media · Telecom),Hardware & Networking,76.15;77.85;77.43;78.74;80.13;75.52;77.03;78.55;76.94;81.09;76.34;78.73;83.39;82.04;84.19;89.37;88.68;89.24;92.28;91.82;98.92;117.8;113.9;117.9;120;126;123.7;121.4;119.1;121.1;118.5;117;114;118.3;117.1;111.9;112.2;114.6;113.6;121.7;121.4;123.9;111.7,-0.08051922751507457,46.65610219795986,48.21831674877435
DELL,Dell Technologies Inc.,490.81,317133160448,22.27969,39.07723,24.063,2.36663,1.7135151657819234,87.5,282.5,19.212,8.857000600000001,6.2750004,,1.4463562346272596,5434124800.0,11580999680,TMT (Tech · Media · Telecom),Hardware & Networking,116.9;118.5;119.2;147.4;146.4;145.8;149.2;152.3;156.9;183.1;163.9;173.5;184.6;188.9;192.2;212;215.7;205.3;211.3;229.9;238.5;241.6;242.5;304.6;420.2;420.4;400.1;390.8;403.4;418;408.8;430.7;411.1;449.5;456.8;395.7;441.8;426.9;404.8;467.3;453.8;484.5;490.8,19.12887843453992,319.7311888747183,287.5583847209645
SMCI,"Super Micro Computer, Inc.",39.84,25771421696,7.4803977,20.968422,10.785,0.6597387,-31.939517877966278,93.2,409.40000000000003,10.8219996,13.382,5.71,21.465999,0.633823401306995,-8231267840.0,7521474048,TMT (Tech · Media · Telecom),Hardware & Networking,30.54;32.16;31.13;32.39;32.65;31.98;30.9;31.51;20.53;24.05;21.06;23.22;23.37;25.97;28.4;28.43;29.08;26.32;27.92;33.62;32.79;31.04;33.46;37.1;46.09;47.42;43.99;31.97;29.22;35.46;31.68;29.33;27.19;28.24;27.65;24.18;30.56;29.81;27.73;31.69;31.13;37.61;39.84,48.159170906953165,30.4518629936654,28.682174840789365
ANET,"Arista Networks, Inc.",198.82,250756710400,38.534294,62.91772,51.171,23.789154,1.5519076517602937,37.7,35.699999999999996,63.004000000000005,45.393001999999996,38.371,31.476,-2.8759589654015976,3891512576.0,13343299584,TMT (Tech · Media · Telecom),Hardware & Networking,141.6;137.2;128.8;133.5;134.8;137.2;134;133.1;131.2;135;116.1;126.7;145.1;152;161;172.9;176.9;168.7;172.6;141.8;142.5;142;140.5;158;159.5;174.4;156.4;156.4;168;174.6;165.4;169.9;173.3;184.7;182.6;168.6;174.9;170.8;171;190.5;188.7;210.5;198.8,15.646817962875303,40.41952995729608,48.8173639529399
WDC,Western Digital Corporation,508.8,175374268252,16.050735,20.964153,35.696,13.574910394241485,1.3220298046623835,43.8,984.6999999999999,48.851,42.861,72.94699999999999,130.853,-0.10595095505393602,2318500096.0,1579000064,TMT (Tech · Media · Telecom),Hardware & Networking,281.4;284.5;270.4;279.5;261.1;262;261.1;313.7;293;296.1;251.6;294.9;338.7;350.1;361.6;383.7;403.9;412.7;442.2;463.8;488.6;481.9;459.5;524.5;531.1;594;526.9;529.3;681.1;732.6;675.4;638.7;577.5;578;563.3;477.2;556.7;497.9;533;548.6;434.3;454.1;508.8,-0.9808576208714892,80.8282759372429,171.27129166260576
STX,Seagate Technology Holdings PLC,973.44,220624830464,17.580194,69.93104,49.493,18.091417,0.8810205142875646,48.5,148.8,45.576,43.07,26.108998,371.52898,0.4873389181742822,1943750016.0,1704000000,TMT (Tech · Media · Telecom),Hardware & Networking,424.9;408;395;406.8;374.1;373.4;373.1;420.1;410.2;412.9;362.2;429.1;495.9;512.9;531.4;559.5;585.8;642.8;738;765.9;808.2;794.9;750.5;845.2;879.2;940;876.1;867.5;1031;1093;1025;965;868.3;890.1;878.3;787.7;908.1;817;851.7;845.3;812.8;878.2;973.4,17.522638752557217,129.07424871831185,239.37307386465073
NTAP,"NetApp, Inc.",207.08,40636194816,20.790037,32.55975,21.083,5.8680425,3.187429467411676,12.5,23.400000000000002,70.744,27.259,18.426001,106.734,-0.4516985477707006,1295250048.0,3584000000,TMT (Tech · Media · Telecom),Hardware & Networking,101.6;100.8;99.06;98.23;98.74;99.79;96.14;101.1;100.3;104.6;100.4;103;99.17;98.1;103.4;111.5;108.4;108.3;110.6;112.7;115.9;119.6;118.6;138.5;173.8;180.5;169.8;160;160.8;157.8;154.1;154.3;163.1;171.2;174.6;163.9;166.5;169.8;174;190.5;189.5;202.1;207.1,27.74829983585272,103.83994941249095,96.08609343192546
MSI,"Motorola Solutions, Inc.",466.51,77204512768,24.449032,36.76202,22.919,6.309105,2.563321745125063,13.3,9.5,52.112,27.354,17.438999,91.567004,2.370675895836478,1979000064.0,710000000,TMT (Tech · Media · Telecom),Hardware & Networking,459.2;451.1;468.2;479.6;475.5;455.5;460;466.5;451;449.7;425.5;437.6;446.4;438.6;443.1;444.1;437;427.9;436.3;431.9;390.2;392.1;394.7;409.3;402.1;407.2;405.6;409.1;403.7;392.2;397;415.3;422.8;417.2;413.7;413.3;404.3;423.8;430.8;442.9;467.5;469.7;466.5,14.570955881195635,1.5992108990153797,23.128577080651127
GLW,Corning Incorporated,165.99,142981857280,38.419346,76.49309,36.823,8.428546,0.5137015156836547,16.6,18.5,36.394999999999996,15.649,11.1999996,16.813,1.6829866408105618,734499968.0,2504000000,TMT (Tech · Media · Telecom),Hardware & Networking,133;129.5;151.1;150.1;144.6;128.9;129.6;129.7;124.4;146.1;128.4;147.7;164.8;174.9;165.8;165.2;175.6;151.7;159.7;182.1;197.9;191.5;180.4;195.9;181.2;200.8;187.5;176.6;177.4;209.8;228;255.4;194.8;192.4;187.6;154.6;154.1;143.4;135.2;159.9;165.7;167.4;166,-4.827703682214047,24.79745676758427,83.69327067210199
COHR,Coherent Corp.,325.83,63745159168,23.375454,79.27737,44.057,8.955236,-1.7566981753841842,33.7,,37.500998,15.737000000000002,11.309,7.981000000000001,1.0411140114189743,-1119810048.0,1987000064,TMT (Tech · Media · Telecom),Hardware & Networking,217.2;232.5;254.9;258.9;274.9;252.3;241.3;245.8;253.6;272;219.6;258.2;281.8;307.9;328;343.8;336.1;304.9;329.9;319.2;374;382.5;358.5;381.4;361.5;417.4;401.9;363.6;382.8;425.5;407.2;394.5;335.7;327.2;310.8;277.6;312.2;271.3;249.1;323.7;379.1;355.6;325.8,8.834919252475304,49.993091645105125,67.66839062531041
LITE,Lumentum Holdings Inc.,926.14,82056003584,28.053654,,98.94,27.22495,,109.3,,44.574999999999996,28.292,-230.09598000000003,-240.027,-1.3037424327231766,,2738400000,TMT (Tech · Media · Telecom),Hardware & Networking,562.7;635.6;688.3;700.9;680.8;640.7;616.1;649.6;706.3;777.2;654.8;826.9;896;871.2;891.2;836.9;881.6;858.3;976.2;892.6;992.4;970.7;868.1;910.8;855;938;895.4;889.6;875.4;893.9;862;858.1;731.2;785.8;814.8;732.8;829.7;712;693.2;849.5;890.2;932.5;926.1,23.15691684154755,64.57689709642109,139.8643002731889
CIEN,Ciena Corporation,428.77,60693647360,44.486706,142.92332,77.725,10.898189,1.1548620036665398,39.5,2383.2999999999997,43.047002,15.195,7.870000000000001,15.464,0.48075178127108587,700927872.0,1202834048,TMT (Tech · Media · Telecom),Hardware & Networking,303.9;318.4;342.7;348.7;343.5;318.5;336.8;370;383.9;437.7;365;447.8;494;479.9;495.2;505.9;520.8;475.4;538.5;538.8;577.2;554.5;554.8;602.4;580.2;620.4;466.7;445.2;430.3;460.3;484.7;490.6;433.8;462.3;446.9;374.4;397.2;377.3;372.1;411.1;412.4;432;428.8,2.463795289662851,41.07987959655186,74.25424419569451
IBM,International Business Machines,234.32,220760932352,17.785322,20.791481,16.875,3.195035,5.458280089516407,1.0999999999999999,-1.7999999999999998,58.098000000000006,16.548,15.522,34.460998,3.4687064280942885,12049750016.0,8131999744,TMT (Tech · Media · Telecom),IT Services,258.6;252.6;226;236.8;246.5;249.7;244.1;252.4;238.3;237.9;233.8;244.6;238.3;234.4;247.4;252;228.6;223.8;226.2;228;217.7;217.7;223.4;248.9;295.7;303.5;278.8;272.9;268.9;250.4;256.4;279.2;297.4;293.2;215.5;211.2;204.3;214.7;220.2;233.5;235.6;236;234.3,11.742855438046028,-9.391775822294457,-17.978284140979284
ACN,Accenture plc,176.89,108246433792,12.05781,14.128593,8.35,1.4807874,11.168387207314604,5.6000000000000005,9.0,32.013000000000005,16.964000000000002,10.656,24.406,-0.13773403337458204,12089380864.0,10171567104,TMT (Tech · Media · Telecom),IT Services,219.7;210.6;192.8;204.5;205.8;205.1;192.1;194.6;196;188.4;193.6;197.3;189.9;189.7;191.7;192.1;176.2;178.1;178;178;167.8;166.8;177.1;174.9;184.8;175.3;172.4;165.5;163.6;123.3;124.3;123;135.3;139.1;134.6;143.6;140.1;154.1;163.3;170.4;175.7;180.1;176.9,29.09793743540321,-19.486645597247197,-30.55007342687569
CTSH,Cognizant Technology Solutions ,58.79,26481616896,9.310923,12.61588,6.82,1.2236215,8.366181116133612,4.5,3.8,33.44,17.479,10.258000000000001,14.924000000000001,0.25842418235877107,2215500032.0,1051000000,TMT (Tech · Media · Telecom),IT Services,65.75;64.53;60.63;63.98;64.66;64.2;60.75;60.89;61.64;59.37;60.63;62.1;60.57;60.11;60.11;60.03;54.72;54.32;51.5;51.58;47.4;46.8;51.3;51.81;55.76;53.51;52.99;51.18;51.05;41.83;39.15;38.73;41.37;43.4;43.03;44.77;43.18;47.05;53.9;56.13;57.67;58.2;58.79,36.15099698941056,-10.584802908175439,-26.789102186078463
INFY,Infosys Limited,12.09,48965992448,14.241457,14.925926,21.369,2.4122367,6.464946240723646,2.9000000000000004,5.3,29.676000000000002,21.173000000000002,16.370001000000002,32.0,-0.4910754267866253,3165625088.0,3124000000,TMT (Tech · Media · Telecom),IT Services,14.41;14.24;13.55;14.13;14.03;14.11;13.16;12.92;12.84;12.89;12.97;13.45;13.7;13.67;14.08;13.77;12.59;12.08;11.98;12.3;11.8;11.81;12.5;11.82;12.38;12.2;12.02;11.6;11.97;10.77;10.57;10.49;10.88;11.13;11.05;11.49;10.93;11.7;11.95;12.6;12.53;12.28;12.09,9.51087132575157,-16.091332310328433,-31.948448816900065
EPAM,"EPAM Systems, Inc.",100.5,5184491520,7.1487055,13.636364,6.037,0.92304134,12.540402342098922,4.5,26.3,29.451,10.936,7.151000000000001,11.1770004,-0.8457620449036188,650156096.0,789396992,TMT (Tech · Media · Telecom),IT Services,166.4;139.2;128.8;141;140.9;146.3;135.8;136.5;137.4;133.3;136.2;138;130;125;126.8;132.1;119;112.9;110.6;104.2;95.14;93.02;104.3;99.69;102.5;97.28;96.72;92.76;93.33;76.04;77.37;79.35;86.85;87.29;84.5;88.66;86.57;94.17;103.7;112.1;97.43;100.3;100.5,16.955661169649304,-39.59247283188899,-49.86531146661499
BA,Boeing Company (The),231.67,183105028096,56.21912,83.33453,-73.17,1.9480294,3.0722123201612335,8.0,,4.71,0.0040000003,2.5910001,173.537,-10.023103382068966,5625375232.0,19295000576,Industrials,Aerospace & Defense,243;233.7;233.4;227.5;227.3;225;204.8;210.8;195.1;199.6;189.2;208.2;217.8;222.1;218.9;219.2;232.4;224.1;221.3;231;236.9;220.5;222.2;218.9;231.1;210.6;215.9;221.6;227.5;220.8;218.1;216.5;234.5;223.1;217.1;214;208.6;211.5;220.9;237.2;234.4;231.2;231.7,6.212178321605921,-4.6468588380548015,1.7122508773451894
RTX,RTX Corporation,222.97,300509626368,28.392067,39.18629,20.939,3.2140067,3.287748426368574,14.499999999999998,28.7,20.347,12.696,8.276,12.274000000000001,1.922050923497247,9880000512.0,8304999936,Industrials,Aerospace & Defense,197.9;203.2;197;201.1;207.3;206.7;201.5;201.8;196.7;193.5;185.8;194.7;202;199.9;194.4;185.8;173;171.5;171.6;175.5;177.6;169.9;173.5;178.4;179.1;172;178.1;183.6;186.2;181.2;186;189.1;200.7;194.6;192.7;192.9;194.2;217.7;213.7;217.2;222.3;222;223,14.20220844446427,12.660547827466683,20.367801253483762
LMT,Lockheed Martin Corporation,608.68,140477710336,18.604645,22.419153,16.242,1.8240542,3.959791920508313,10.5,443.79999999999995,11.798,11.9569995,8.163,89.165,1.7300619107438016,5562625024.0,3791000064,Industrials,Aerospace & Defense,644.9;658.7;656.6;650.4;660.2;659.8;648.6;632.2;623.3;620.1;594.7;618.7;624.4;615.7;603.5;568.2;510.1;506.5;514.8;509.1;517.6;512.7;519.2;529.4;527;512;520.1;548.7;536;493.6;505;509.5;538;518.3;515;508.8;514.4;580;574.1;589.3;588;606.7;608.7,18.314342549270577,-5.62175653878374,23.904793741080365
GD,General Dynamics Corporation,395.78,107081121792,21.338415,24.147652,16.895,1.9518623,4.109150944969585,8.1,13.4,15.375,10.38,8.179,17.803,0.7758178684836942,4400124928.0,4333000192,Industrials,Aerospace & Defense,344.5;351.2;348;353.8;362.8;358.7;352;353.1;342.7;349.3;337.7;346;346.9;339.3;333.5;324.1;311.8;337.2;347.6;346.2;344.9;333;338.3;343.1;345.3;335.6;339.4;357.3;362.5;341.9;343.2;352.7;376.9;374.6;369.5;368.6;373.2;389.1;382.2;385.8;392;394.2;395.8,8.246039300343444,14.879845330670705,16.77336668209668
NOC,Northrop Grumman Corporation,585.87,83230466048,19.2522,18.622696,13.505,1.9404659,2.9772753243636867,5.1,-5.800000000000001,20.06,11.604000000000001,10.4820006,26.958,2.0323914627052995,2478000128.0,2307000064,Industrials,Aerospace & Defense,697.3;731.3;724.5;721.2;750.5;744.1;733.1;720.9;703.9;688.2;668.6;699.4;684.5;678.3;669.8;608.5;572.6;569.9;564.5;549.9;555.9;538.3;549.8;554.4;561.2;526.1;540.8;552.5;551.2;507.3;499.3;509.3;547.8;532.2;528.7;521.6;525.3;547.6;534.8;551.5;571.6;577.3;585.9,11.547547274881564,-15.975177958379982,0.7979391167003858
LHX,"L3Harris Technologies, Inc.",291.82,54341152768,21.738419,29.506573,33.359,4.2269096,,190.0,-6.1,30.414,9.7270004,10.3690006,,3.226933890027959,,1001000000,Industrials,Aerospace & Defense,342.9;356;351.6;361.8;366;369.8;356.4;367.4;351.4;350.6;338.6;354.6;360.5;356.5;352;338.9;316.2;320.1;307.4;300;308.2;302.2;307.9;312.2;313.9;302.2;302.1;312.2;310.5;285.8;288.5;290.6;301.3;289.9;290;282;285.2;303.5;271.9;285.3;286.7;290.7;291.8,1.7432535640193425,-14.89930023714635,-3.4344130426725794
TDG,Transdigm Group Incorporated,1256.9,69477064704,25.993912,38.168842,19.68,6.9435406,2.0976346398757615,22.5,10.9,59.824,46.005002,21.276999999999997,,6.026496627733899,1457374976.0,2780000000,Industrials,Aerospace & Defense,1287;1330;1294;1303;1315;1278;1226;1233;1177;1156;1133;1167;1220;1233;1228;1206;1148;1143;1150;1242;1191;1149;1198;1226;1258;1212;1206;1258;1301;1296;1333;1332;1346;1296;1215;1214;1195;1286;1250;1275;1225;1235;1257,2.0061979277035347,-2.313726014788242,-7.48224362449842
HWM,Howmet Aerospace Inc.,289.18,115325386752,45.27294,1701.0587,42.744,12.649489,1.031754566372061,24.099999999999998,33.0,36.032,28.504,20.522000000000002,34.732,1.4677881846373972,1189874944.0,563000000,Industrials,Aerospace & Defense,250;251.1;260.7;262.3;259.8;253.9;243.6;240;231;241.4;222.8;232.5;249.8;255.9;247.4;247.5;242.2;236.3;239.5;272.3;269.6;260.2;261.1;261.8;258.1;248.5;246.4;264.5;277.3;280.2;273;268.7;277.8;273.6;276.6;272.3;280.6;287.8;277.1;288.1;281.9;281.6;289.2,3.6097232419772585,15.681719587882847,36.79704625729065
CAT,"Caterpillar, Inc.",856.57,393743728640,26.75285,36.905216,26.641,5.268955,1.2823061216592233,24.0,68.2,29.713,22.183001,14.511,56.972003,2.412220905491749,5048999936.0,5944999936,Industrials,Machinery,771.3;757.7;765.4;740;729.2;702.2;698.1;699.4;678.3;716.3;664.9;714.5;768.7;788.8;769.8;799;829.3;808.6;873.2;894;910.5;886.7;870.9;906.9;874.2;924.5;913.9;896;943.7;1020;1055;1063;968.1;936.7;931.6;878.7;889.3;873.3;809.1;876.5;842.2;855.6;856.6,-6.1403197251927555,11.055645006661807,44.01574050072665
DE,Deere & Company,608.85,164351410176,27.030447,34.476215,23.682,3.4719439,0.6685369786747646,-11.1,-8.5,25.965,17.479,10.104000000000001,18.349001,4.602159696218868,1098749952.0,8830000128,Industrials,Machinery,599.6;658.4;641;626.3;610.7;596.2;582.6;571.1;556.7;574.8;552.4;574.2;607.7;601.5;582.7;585.8;561.2;558.6;576.9;579;587.7;560.4;559;527.8;540.8;586.8;572.2;567.2;583.8;597;629.1;634.3;635.2;592.9;584.4;597.2;607.3;625;599.5;617.4;620.8;619.8;608.8,3.2859462168307374,1.5414135018734898,31.151127006680102
CMI,Cummins Inc.,631.26,86902079488,18.238327,32.256516,18.391,2.5038054,2.565387375232887,9.4,4.7,25.772000000000002,11.895999999999999,7.822,21.114,0.868924283975176,2229374976.0,3924000000,Industrials,Machinery,597.1;593;598.6;582;572.3;548.5;537.1;541.6;531.9;551.6;510.1;548;594.8;616.3;607;637;658.7;636.9;654.7;680.7;702.4;694.3;667.8;668.8;646.6;682.3;672.7;655.7;700;724.9;727.6;713.2;678.2;673.4;675.5;648.5;660.8;661.8;633;636;644.3;637.8;631.3,-5.234713173342486,5.717294946003504,21.71168941604993
PCAR,PACCAR Inc.,130.79,68843266048,18.335106,27.534735,22.922,2.4749699,2.8232972657700715,0.5,4.2,13.715,12.024,9.003,12.755999000000001,1.8794778088479156,1943650048.0,8667400192,Industrials,Machinery,126.3;124.2;125.5;125.4;124.2;120;116.2;114.8;110.6;115.7;111.8;117.6;123.5;126.7;123.7;125.5;126.3;117.5;113.7;113.4;112.4;110;111.3;111.7;110.1;114.1;118.1;117.3;120.7;119.8;121.4;119.8;125.6;123;123.6;125.9;130.8;133.1;133.4;135.6;132.8;131.1;130.8,6.485025146766343,3.577669539805206,18.219926266442133
ITW,Illinois Tool Works Inc.,290.81,82822684672,23.459059,26.317646,19.076,5.029005,2.9376009068473583,6.1,10.100000000000001,44.162,26.900997999999998,19.393998,104.61800000000001,1.842488533533389,2432999936.0,839000000,Industrials,Machinery,295.9;290.2;290.9;287.1;283.6;273.2;262.4;264.5;254.5;263.2;253;256.7;267.9;272.9;264;269.4;267.7;264.1;250.1;254;249.9;246.2;249.3;248.9;245.8;248.8;250.9;252.9;264.2;263.7;269;270.5;274.3;265.5;272.3;276;273.9;284.8;283.7;295.1;296.7;292.5;290.8,7.147855139722958,-1.728525942636161,18.004548294562905
PH,Parker-Hannifin Corporation,1055.85,133128314880,27.432898,37.034374,25.34,6.192302,2.2178789678675455,9.8,19.3,37.685,23.857999999999997,16.968,25.075999999999997,1.4394184664096832,2952624896.0,501000000,Industrials,Machinery,999.5;1010;1021;1007;985.6;930.1;900.1;891.3;892.4;919.5;859.5;906;963.9;987.3;954.8;970.5;972.3;945.4;865.8;884.8;881.3;862.7;859.4;868;844.6;850.8;883.1;902.4;938.5;962.1;989.9;978.1;971.4;949.2;964.5;953.2;970.8;987.3;962.8;992.7;1074;1070;1056,10.798044184981958,5.638784102599104,18.594244776937984
DOV,Dover Corporation,207.07,27888234496,17.78376,25.069008,15.397,3.31192,3.250374734657423,6.9,14.099999999999998,40.092,18.691999,13.475999,14.914,0.7878596823707563,906472128.0,1755970944,Industrials,Machinery,230.5;231.4;230.3;224.9;221.3;210.5;203.3;213.3;208.9;214.6;202.3;204.9;216.2;218.7;213.6;219.7;224.2;221.7;220.3;220.4;216.2;210.3;210.5;214.9;211.4;213.5;216.2;218.5;222.6;229.4;230.7;224.3;214.7;211.6;214.1;214.2;214.5;205.9;204.1;209.9;211.1;208.1;207.1,-2.4451085069871925,-10.17819288760059,6.285699158590674
UNP,Union Pacific Corporation,293.68,174468087808,20.747482,23.760517,15.797,6.866119,2.7057957356620586,11.5,6.6000000000000005,56.285,40.982,28.847,39.696,2.2551226328245417,4720750080.0,2114000000,Industrials,Transport & Logistics,258;260.3;263.9;263.6;265.3;252.3;242.8;241.1;233.7;240.1;238;243.4;247.8;250;249.8;250;267.3;263.4;262;263.5;264.2;269.2;264.4;269.7;262.6;262.1;268.7;268.3;267.5;259.9;267.7;272;282.6;285;288.3;301.8;292.6;299.3;289.5;296.4;293.1;293.7;293.7,1.8449187108026566,13.836308286317077,27.958468472397602
CSX,CSX Corporation,50.16,92920135680,22.082228,29.16279,16.246,6.402986,2.1020740377808282,10.100000000000001,22.7,47.070997999999996,38.424,22.208999,24.357,2.643976088828214,1953250048.0,1390000000,Industrials,Transport & Logistics,40.61;41.42;42.2;42.56;42.65;40.48;39.1;40.19;38.05;39.45;39.65;41.09;42.01;42.22;42.59;43.24;45.27;44.54;44.58;44.32;44.39;45.52;45.8;46.47;45.26;46.44;47.11;47.37;46.9;46.2;47.44;47.53;48.81;49.35;49.92;50.75;49.93;51.8;50.19;51.03;50.27;50.08;50.16,1.4768349943948822,23.512277497855784,39.176903892137325
NSC,Norfolk Southern Corporation,334.41,75111284736,23.38126,28.582052,16.103,5.9897356,1.8402693934184606,11.4,-4.3999999999999995,45.159,35.296002,21.021,16.985,2.839660947600512,1382249984.0,1069000000,Industrials,Transport & Logistics,312.3;311.5;313.5;312.1;315.2;299.9;288.9;288.9;278.8;280.3;280;285.6;291.7;295.1;300.1;299.7;317.1;309.6;309.1;310.8;311.1;314.7;310.6;319;303.8;303.9;308.7;309.3;309.6;303;310.8;313.3;320.6;322.5;325.5;338.8;329.6;342;332.6;339.9;334.4;335.4;334.4,2.1895318171136102,7.063572405681651,17.66926743707944
UPS,"United Parcel Service, Inc.",104.5,88906670080,12.93104,19.423792,9.393,0.9886208,6.251217996353958,7.6,-53.0,22.413,9.052,5.0819997,29.602,1.99733897098136,5557749760.0,4653000192,Industrials,Transport & Logistics,115.7;113.6;113.5;114;108.7;98.28;96.27;96.15;94.27;96.74;93.38;96.55;98.78;100.3;103.3;104.5;105.2;104.8;94.71;98.44;96.81;97.29;98.87;102;106.7;108.7;107.7;108.7;110;107.2;109.3;107.5;110;110.7;113.7;117.7;115.8;112.9;105.3;109.1;104.5;103.9;104.5,-7.472996510501195,-9.641547320316157,6.655528475777039
FDX,FedEx Corporation,334.64,79169527808,16.057035,18.049622,9.166,0.83582693,7.14495249449802,12.5,-4.3,27.317999999999998,11.129,4.68,14.846,2.4816785784624886,5656625152.0,13550999552,Industrials,Transport & Logistics,299.6;306.3;309.1;309.4;307.1;289.9;283.5;284.7;288.1;287;274.4;290.3;299.8;298.5;305.8;316.8;311.5;312;287.2;301.8;302.2;301.7;310.6;321.1;330.5;323.2;329;336.7;334.5;328.8;329.4;313.1;309.9;310.8;313.7;313;321;310.8;308.5;313.3;318.6;326.8;334.6,6.770467842378491,11.693332676003209,42.78212858118784
ODFL,"Old Dominion Freight Line, Inc.",210.97,43875069952,31.878693,40.649326,24.248,7.8313284,2.2125913441552205,10.4,32.300000000000004,39.566,28.835,19.443001,24.818,-0.14718697177265114,970776000.0,283939008,Industrials,Transport & Logistics,192.7;194.7;196.2;202.5;215.9;197;176;184.2;183.7;188.8;189.5;197.7;207.3;207.4;213.3;224.1;219.7;209.1;191.9;197.8;190.9;202.9;209.6;216.3;224.9;236.1;247;247.8;231.6;219.5;220.1;216.6;216.4;225.9;228.6;233.8;232.8;226.8;212.5;219.3;216.4;212.6;211,-6.331303457504955,9.483158986249007,32.88047779626153
GE,GE Aerospace,368.38,382217289728,40.592342,43.492325,34.201,7.547884,1.7253602077218901,21.099999999999998,19.400000000000002,31.051000000000002,20.571,17.716,48.231998,0.8956719390376219,6594625024.0,9944999936,Industrials,Electrical Equipment,314.6;333.8;344.7;341.3;338.9;321.5;306.3;301.7;286.4;296.2;272.9;280.8;307.7;311.5;297.9;286.4;284.2;283.2;280.2;302.3;297.1;281.2;299.8;314.1;323.4;314.2;321.6;332.3;351.3;354.7;370.9;373.3;378.7;359;353.7;348.8;341.2;361.6;355;377.3;370.1;365.3;368.4,2.228388689686911,17.109945376524394,15.160243549359276
HON,Honeywell International Inc.,233.96,74151280640,23.354126,8.991545,11.775,1.9484268,3.5203369240151265,4.3,263.9,36.510999999999996,20.249,21.581,46.577,3.0261984962406014,2610374912.0,9196000256,Industrials,Electrical Equipment,249.8;249.1;252.1;253.3;255.8;247.1;242.7;240.7;230.3;234.8;232.4;238.6;241.7;243;238.5;231.1;221.7;218.7;218;224.7;227.3;223;227.3;242.3;248.7;233.4;221.5;229.1;240;238.5;241.8;223.2;230.5;222.8;222;224.3;232.3;245;241.2;248;245.5;234.6;234,5.3051598405615685,-6.331561940814446,15.426224696410372
ETN,"Eaton Corporation, PLC",451.51,175366488064,28.18084,46.07245,29.529,5.840488,1.7712192849904254,21.4,-15.9,36.022,16.563,12.751999999999999,19.683999999999997,3.107546306539695,3106125056.0,695000000,Industrials,Electrical Equipment,386;374.2;371.5;372.8;351.5;350.9;346.8;362.1;354.9;373;341.7;359.2;383.6;401.3;390.7;407.6;421.7;408.6;420.2;397.1;400.5;398.5;378.8;402.1;399.6;420.2;402.2;392.7;406.7;434.7;418.8;425.1;412.4;404.8;414.5;399;405.9;397.7;385.9;443.7;448.7;460;451.5,9.630605765286404,16.965189150147953,39.09962647791967
EMR,Emerson Electric Company,163.17,91016224768,22.55639,35.704594,16.945,4.883893,4.072076152847711,7.000000000000001,23.0,53.161,26.924,13.828,12.8,1.9184550395447746,3706249984.0,2180000000,Industrials,Electrical Equipment,147;150.2;149.8;149.6;144.1;140.1;131.2;131.5;127.2;129.9;122.4;130.7;141.6;143.4;139.3;143.8;140.3;135.6;134.5;140;136.3;132.6;132.4;140.5;143.3;140.4;138.6;141.6;148.3;149.7;144.8;142.7;141.1;137.3;135.6;139.1;139.2;148.8;148.1;158.3;157.7;163.2;163.2,20.163924423377154,10.973493095178721,21.49663136429463
ROK,"Rockwell Automation, Inc.",449.37,50003173376,30.298023,41.997196,25.353,5.572626,2.6075843910855068,7.9,40.400000000000006,49.091998,20.968,13.385000999999999,30.629,1.4980879235181643,1303874944.0,479000000,Industrials,Electrical Equipment,391.8;392.8;404.1;406.2;382.2;374.4;357.1;356.3;354;359.5;347.4;363.9;388.8;406.5;401.6;408.8;399.9;399;399.1;447.2;453.7;447.4;436.2;456.3;451.1;461.7;451.7;457.6;466.3;478.1;479.4;495.1;482.9;467.5;469.8;461.9;458.2;466;471;445.2;441;451.4;449.4,-2.716924563934331,14.694688447791826,13.491772688980742
AME,"AMETEK, Inc.",254.79,58413473792,28.359566,37.30454,24.085,7.428032,2.5545840970073703,15.0,14.2,36.905998000000004,26.182,20.044,14.562,0.7260011451340148,1492221312.0,495446016,Industrials,Electrical Equipment,229.1;232;236.1;238.5;234;224.4;214.9;215.2;209.1;215;208.1;218;230.1;234.1;229.9;233.2;232.6;227.5;230.1;234.4;230.9;227.6;224.4;229.1;225.5;227.9;225.6;225.9;231.9;241.6;240.9;241.9;237.1;233;234;237;237.1;243.1;240;254.1;253.7;258.5;254.8,9.108422672369842,11.236560597480128,22.203841382460322
GEV,GE Vernova Inc.,1063.25,283179188224,42.19976,30.491827,70.114,6.845534,5.552005926213584,21.9,32.800000000000004,20.57,7.466,23.035,82.577,-2.29182578388672,15722125312.0,12720000000,Industrials,Data Center & Power,801.2;833.7;878.7;872.6;840.3;829.2;831.2;843.6;850.6;923.2;816.9;898.1;935.6;990.6;977.8;990.8;1149;1063;1073;1045;1071;1049;1024;1070;967.8;958.9;933.4;906.3;982.3;1128;1085;1175;1152;1075;1066;1058;985;996.6;982;1019;990.3;1040;1063,0.755246994339065,32.701253130082854,56.753785356864974
VRT,"Vertiv Holdings, LLC",293.84,113124917248,32.29948,66.63039,42.315,9.85443,2.383681390094165,24.099999999999998,53.0,38.039001999999996,20.362,15.088001,43.943,0.08496346829749289,2696537600.0,3110599936,Industrials,Data Center & Power,234.4;243;253;254.8;251.2;264.2;265.3;268.4;255.8;276.1;234.2;261.2;281;299.9;294.1;312.4;323.4;306.1;330.9;339.9;367.1;370.9;315.6;323.8;315.6;331.4;300.5;297.8;299.6;358;325.6;334.8;318.5;323.9;303.6;289.6;301.2;287.6;227.5;269.9;272.4;288.4;293.8,-3.523003161275129,25.34476142991369,67.39996757549456
PWR,"Quanta Services, Inc.",685.78,103102496768,34.915207,78.73479,35.896,3.1333249,1.8966478885571736,41.099999999999994,94.69999999999999,15.456,7.217,4.032,15.337,2.0021989803394784,1955491328.0,506431008,Industrials,Data Center & Power,523.9;553.8;568;562.9;568.2;567.8;566.7;571.4;555.2;573.3;533.6;560.5;576.2;595.7;587.3;605.8;624.7;628.5;757.2;750.6;765.7;769.9;709.8;742.1;711.6;715.6;693.7;683.2;719.2;740;718.5;719.9;674;668.2;660.9;628.5;643.1;620.3;658;693;671.9;678;685.8,5.693237302333509,30.89977327507136,56.027007713434514
NVT,nVent Electric plc,171.39,27740831744,26.566614,47.608334,27.096,5.738691,1.6876747327565638,52.800000000000004,98.0,36.971,20.526,12.377,15.748000000000001,1.281314023826631,468175008.0,256000000,Industrials,Data Center & Power,112.9;116.6;117.9;118;113.5;107.8;107.6;114.4;116;126.7;112.4;117.6;126.8;132.8;129.3;136.6;142;137.2;162.5;166.5;170.5;168.8;161.6;169.1;166.8;176.2;163.6;164.3;167.1;184.1;171.7;169.4;156.7;157.8;161.6;154.7;158.3;149.3;144.8;162.2;164.7;171.2;171.4,7.623831630184297,51.76140245821203,61.200065012670656
HUBB,Hubbell Inc,511.39,27018049536,22.359612,30.295618,21.241,4.341225,1.835115859638048,15.299999999999999,-0.8999999999999999,35.338002,21.666999,14.491999,24.444,3.4060704051506083,495812512.0,394700000,Industrials,Data Center & Power,521.1;523.6;523.7;510.1;489.3;486.3;467;469.8;474.3;501.7;470.7;492.8;525.6;538.2;520.1;547.5;551.4;544.3;514.5;491.6;484.5;478.5;461.9;476.6;473.6;484.9;485;469.3;502.6;539.4;536;523.2;495.6;485.4;483.9;488.7;476.8;498;473.7;502.2;514;512.9;511.4,6.557342961368673,-1.8697835542858199,11.077056281303177
MMM,3M Company,182.65,94196695040,18.679535,32.442272,15.738,3.740933,6.741345918031903,2.5,32.800000000000004,39.408,20.354,11.902001,81.891996,1.211004843403206,6350125056.0,5303000064,Industrials,Multi-Industrial,170.9;164.2;165.6;164.5;160.1;150.8;148.3;148.3;140.5;147.3;141.8;143.7;148.4;152;149.8;147.7;145.2;143.1;140.8;143;142.5;145.5;149;154;153.1;151.6;153.9;157.9;161.6;163.2;168;161.9;159.1;155.3;156.6;159.8;170.8;178.2;176.1;181.4;182.9;183.8;182.6,13.779352946734246,6.852869816093965,13.965155090636872
CARR,Carrier Global Corporation,62.78,51751124992,18.990232,44.842857,20.409,2.3408325,1.6651812228878398,3.9,-11.799999999999999,24.691999,13.069001,5.5180001999999995,8.966000000000001,3.572583450580453,861750016.0,1344000000,Industrials,Multi-Industrial,64.93;62.47;63.08;63.94;60.65;58.3;56.09;56.57;57.66;58.83;53.97;55.31;57.88;63.86;59.28;61.27;60.54;61.3;65.65;66.98;65.33;64.44;63.36;64.66;63.64;67.34;67.11;69.49;70.9;71.59;75.73;73.09;69.85;67.57;69.51;68.44;68.1;69.33;61.39;65.69;64.01;63.08;62.78,-8.341924154604708,-3.3177814469822264,18.649851292965014
JCI,Johnson Controls International ,153.64,93066117120,25.465881,43.278873,23.568,3.7233894,3.2064568935999036,9.3,15.299999999999999,36.651,15.875,14.319,14.332,2.0425433359148393,2984124928.0,641000000,Industrials,Multi-Industrial,138.4;141.9;143.9;143.5;139.2;132.3;130.2;132.2;129.3;137.1;126.2;132.6;138.6;142.4;137.2;139.3;141.5;141;144;138.9;140.7;142.7;137.4;139.8;133.7;146.6;143.7;143.6;145.2;148.2;145.5;146.1;142.7;140.5;145.2;140.5;142.5;143.4;143.9;153.6;152.2;152.8;153.6,7.621186117579692,10.988254411581377,26.351119032895376
IR,Ingersoll Rand Inc.,83.34,32335869952,21.274042,34.438015,17.931,4.0713997,3.4247571679496587,8.5,,42.821,16.882999,12.076,9.47,1.848910383101637,1107425024.0,1181699968,Industrials,Multi-Industrial,98.45;96.13;94.57;94.07;91.79;86.62;81.13;84.02;81.35;83.61;76.9;77.87;84.63;87.64;83.63;84.77;83.77;77.42;75.52;77.46;73.17;70.33;70.35;72.41;71.62;70.05;72.44;73.18;78.5;77.85;81.68;81.97;80.61;77.03;78.99;82.22;83.52;84.64;84.3;89.44;86.95;84.74;83.34,5.331904935013343,-15.345859739138955,4.565264338029196
AMZN,"Amazon.com, Inc.",262.65,2833025073152,25.246893,21.147343,17.534,3.6523116,0.11362853871315826,19.6,242.3,50.77,13.689000000000002,17.44,30.558002000000002,0.7616214837282254,3219124992.0,122988003328,Consumer (Staples · Discretionary),Internet Retail,198.8;204.9;208.6;210;216.8;213.5;209.5;215.2;205.4;211.7;200.9;209.8;221.2;239.9;249.7;249.9;264;263;272;271.2;265.8;264.1;265;265.3;270.6;250;245.2;241.5;246;232.8;227;238.3;244.2;247;247.5;247.2;244.9;231.4;235.5;277.4;274.5;267.3;262.6,3.0161542909148853,32.12435372359677,15.960262205953368
BKNG,Booking Holdings Inc. Common St,212.06,159337742336,17.134235,23.53607,15.658,5.6420712,4.848741476271346,8.1,130.0,87.227994,34.412,25.527,,0.35628553404507546,7725875200.0,17213999104,Consumer (Staples · Discretionary),Internet Retail,165.6;170;154.1;169.2;165.4;181.6;172.5;171.3;171.3;171.2;162.1;167;173;173;185.2;191.5;176.3;172.9;169.2;167.9;157.4;154.1;154.2;160.7;169.4;166.8;165.8;160.6;174.6;171.8;181.2;182.4;184.6;174.3;175.8;184.6;177.9;186.8;193.2;194.3;214.4;212.3;212.1,21.281092454208373,28.07944750665323,0.07048645301352963
ABNB,"Airbnb, Inc.",184.06,110212489216,29.984571,42.02283,35.837,8.375445,2.90972003519039,16.5,33.4,82.901,21.009000999999998,20.45,34.542,-3.4672221709171382,3206874880.0,12069000192,Consumer (Staples · Discretionary),Internet Retail,121.3;125.8;125.7;135.1;135.5;134;127.7;131.9;128.5;131.8;123.1;124.9;131.4;130.3;137.8;142.6;142.8;140.3;138.9;140.5;135.5;132.9;135.6;132.7;133.3;133.6;134.4;130.9;141.2;139.2;141.9;143.1;147.6;146.9;146.5;146;140.1;146.9;152.1;149.9;178.1;180.1;184.1,24.046361707536377,51.676967344870704,38.38057676871354
DASH,"DoorDash, Inc.",217.02,94559682560,27.34317,113.62304,64.069,5.950518,5.443651980043195,35.6,-30.0,52.225,3.862,5.292,8.8870004,-1.4220054818941503,5147500032.0,5346999808,Consumer (Staples · Discretionary),Internet Retail,160.3;176.2;164.4;176.5;177.8;176.6;161.8;169.8;156.6;152.9;148;156.4;160.7;159.6;179.3;182.4;176.8;169.3;172.6;171.4;155.2;159.2;160.7;154;159.3;154.6;152.5;154.6;170;172.1;176.9;184.5;188.5;192.4;187.8;184.1;177.7;184.4;197.5;202.4;216.3;212.5;217,14.124947461653626,35.34988725777837,-1.260288956861555
EBAY,eBay Inc.,103.14,45897297920,15.337145,21.62264,16.062,3.8222268,3.4416513206361756,14.799999999999999,55.00000000000001,72.052,21.57,18.570999999999998,46.611000000000004,1.23740303875969,1579624960.0,3307000064,Consumer (Staples · Discretionary),Internet Retail,81.88;84.23;84.78;90.31;90.48;92.65;89.75;93.35;88.73;89.3;87.77;93.88;96.52;97.88;101.7;105.1;97.67;103.5;109;106.1;110.1;115.8;118.6;115;109.3;108.8;108.4;109.6;109.3;104.9;108;111.8;113.7;117.3;112.5;112.1;110.9;113.2;113.5;109.6;112;102.3;103.1,-8.531396385537192,25.967095360391035,19.195613624244203
CHWY,"Chewy, Inc.",22.42,9179290624,12.198373,37.366665,22.997,0.7147477,5.046958713658438,7.7,52.7,29.912,3.8280000000000003,1.9869999999999999,63.815999999999995,0.008264462809917356,463275008.0,520100000,Consumer (Staples · Discretionary),Internet Retail,24.23;25.86;25.48;27.42;25.51;26.15;24.6;25.22;23.37;26.57;25.88;26.87;26.46;25.36;26.97;27.74;26.02;25.96;24.56;23.67;22.9;21.28;20.17;21.25;22.54;21.04;20.15;18.77;18.87;17.51;18.14;19.65;21.29;20.67;20.35;20.93;21.52;21.8;22.82;24.1;23.53;22.35;22.42,5.7048611223519785,-7.470076352198429,-33.054646304453826
WMT,Walmart Inc.,115.27,917327708160,35.1314,40.588028,22.052,1.2647475,0.7480696290930186,7.3,19.400000000000002,24.976000000000003,4.2150001999999995,3.1350000000000002,24.132,1.4455596610764976,6862249984.0,10728999936,Consumer (Staples · Discretionary),Broadline & Specialty Retail,133.4;124.4;126.2;127.4;127.3;123.8;124.8;124.6;118.8;122.8;123.3;125.6;127;124.3;124.6;129.4;129.7;127.8;130.1;130;130.4;131.4;130.9;118.6;115.8;116.9;119.8;120.5;121;117.2;115.8;113.3;110.7;112.2;113.7;114.2;109.3;111.7;111.1;111.6;111.8;116;115.3,2.4349043752710298,-13.565610796566208,2.63124591790882
COST,Costco Wholesale Corporation,961.1,426227466240,42.41705,48.320763,30.786,1.4517927,1.6316112214326735,21.5,45.5,12.876001,3.6730002999999996,3.01,29.152,-0.06511964203514763,6954375168.0,11125999616,Consumer (Staples · Discretionary),Broadline & Specialty Retail,1015;984.8;995.4;1008;1004;1002;1000;993.1;969.4;971.9;993.6;1012;1027;977.9;984.2;1003;1008;995.6;1011;1010;1020;1047;1072;1001;954.8;960.3;973.2;974.1;985.1;949.8;940.7;934;948.7;911.5;920.3;939.4;925.8;951.6;954.2;947.8;947.8;949.6;961.1,5.028482425577052,-5.346706461135109,12.971545439003274
TGT,Target Corporation,154.48,70163442981,17.107172,20.406868,10.295,0.6595734133976627,4.47704661364842,6.7,-24.7,28.138999999999996,4.52,3.243,22.015,1.886145656759348,3141250048.0,3534000128,Consumer (Staples · Discretionary),Broadline & Specialty Retail,113.8;113.7;113.6;111.9;118.1;118.1;113.8;114.8;111.3;114.4;116.8;118.4;121;115.9;121.8;129.9;127.1;125.7;125.6;123.8;119.7;120.6;121.4;124.5;126.1;123.8;123;131.6;132.4;128.7;138.5;129.6;125.1;131.3;133;138.5;136.9;139.3;143.4;147;148.6;154;154.5,12.564693560330632,35.74329502737659,57.929141082546124
HD,"Home Depot, Inc. (The)",338.86,337882958862,21.037561,24.032623,16.035,2.0282063397670167,2.997561608348717,4.8,-4.3,33.126998,11.926,8.411,128.38,2.4905796391723802,10128249856.0,1600999936,Consumer (Staples · Discretionary),Broadline & Specialty Retail,384.7;378.1;371.7;369.8;361.8;352.9;345.9;340;325.8;328.4;319.3;327.1;316.4;334.8;336.4;348.4;337.6;326.6;321.5;320.6;309.1;302.1;300.2;310.7;318.8;309.2;310.8;318.9;329.8;334.3;342.9;350.8;357.9;336.2;337.1;348;331.5;336.1;333.4;348.2;355.6;343.4;338.9,0.3316145998613518,-11.925552666212324,-0.6176266046826306
LOW,"Lowe's Companies, Inc.",218.47,122497667247,16.274765,18.48308,13.04,1.385187455326051,3.9316054225660757,10.299999999999999,-0.7000000000000001,33.293,11.067,7.510000499999999,,3.3158686648688747,4816124928.0,786000000,Consumer (Staples · Discretionary),Broadline & Specialty Retail,284.3;275.2;275.6;261.7;255.8;247.5;236.8;237.1;222.2;233.6;230;228.5;241;244.4;239.8;248.5;242.9;232.1;222.3;229.5;223.1;217.1;219.7;210.8;213;206.4;206.7;219.7;222.6;213.1;220.6;219.1;222.4;211.7;206.4;207.4;204.4;211.6;210.1;218.1;223.4;216;218.5,4.846028985897788,-23.14438923149167,-10.135154558383007
TJX,"TJX Companies, Inc. (The)",152.11,168036581376,26.439796,29.593386,19.993,2.7285752,2.5674470431806746,9.2,29.299999999999997,31.351998,11.770999999999999,9.402000000000001,61.25000000000001,0.9734011518405922,4314250240.0,5580000256,Consumer (Staples · Discretionary),Broadline & Specialty Retail,153.5;155.5;156.7;160.6;160.7;157.1;154.8;154.4;154;158.7;154.8;160.3;160.6;158.3;156.5;158.2;156;155.1;153.7;153.5;149.3;147;158.7;158.5;154.3;157.4;159.2;167.8;165.8;163.7;154.7;151;150.8;150.4;149.9;154;154.9;155.9;158.8;157.1;160.9;152.1;152.1,1.0730163114093472,-0.8871426456532827,-0.4909529616293429
ROST,"Ross Stores, Inc.",245.36,78706851840,28.652773,34.268158,23.113,3.31034,2.6015314297698633,20.599999999999998,37.4,32.740003,13.377,9.7399995,38.981998000000004,0.1725956777118873,2047583488.0,4130980096,Consumer (Staples · Discretionary),Broadline & Specialty Retail,195.7;199.6;199.7;204.8;212.7;211.3;209;208.8;210.8;215.6;208.4;219.5;224;220.5;221.5;225.1;225.9;224.6;225.6;224;217.2;212.3;217.4;234.2;231.3;232.2;227;239.1;234.5;237;215.1;212.9;211.4;220.6;220.9;233.5;238.2;243.4;252.6;251.1;255.2;248.2;245.4,8.657722538031077,25.35032213570041,34.81640848653762
PG,Procter & Gamble Company (The),144.55,335996813312,19.533203,21.835348,14.628,3.8606124,3.9526787070053673,1.5,-15.5,50.873000000000005,22.084999,18.437,30.290001999999998,1.0133725657040438,13280874496.0,9941999616,Consumer (Staples · Discretionary),Staples,157.7;156.2;162.8;164.7;156;152.9;148.3;149.2;142.1;141.8;142.6;141;142.8;141.5;141;140.2;147.1;145.4;142.4;145;142.8;140.5;141.4;141.9;142.5;139.2;144;147.2;151.4;146.6;147.4;145.6;148.2;145.8;145;148.9;148;148.6;144;148;145.8;144.1;144.6,-1.6352165862710932,-8.336574003340369,4.215676902027643
KO,Coca-Cola Company (The),87.71,377376571392,24.872532,26.33934,23.969,7.528109,1.3829024766296427,6.7,16.900000000000002,61.888003000000005,34.873,28.558,42.054,1.6407812376785502,5218749952.0,16371000320,Consumer (Staples · Discretionary),Staples,77.64;77.87;79.65;80.48;77.07;76.77;76.59;77.08;74.27;74.77;75.78;76.23;76.79;75.92;74.7;74.22;76.14;78.36;77.69;77.93;79.52;80.3;81.03;79.94;78.5;78.25;79.03;82;80.28;79.53;80.42;81.27;82.96;82.63;83.08;81.56;82.2;84.07;88.49;86.56;87.05;86.71;87.71,6.379626841626718,12.968053427583403,28.592685904912997
PEP,"Pepsico, Inc.",140.79,192319127552,15.680897,18.452162,12.437,1.9846355,4.072332883208607,6.4,137.0,54.171,16.836001,10.785,51.507999999999996,2.250714798822134,7831875072.0,10716000256,Consumer (Staples · Discretionary),Staples,162.8;161.4;166.3;166.5;160.8;159.8;157.2;154.9;148.5;150.2;155.2;155.4;153.2;154.3;156.7;153.3;153.8;153.7;153;154.7;150.3;147.6;147.7;144.2;142.7;141.1;140.7;143.7;146.1;140.7;139.5;135.4;143.3;137.9;135.4;137.1;135.6;139.8;140.2;139.1;139;138.7;140.8,3.9807973653006146,-13.497454934232545,0.9226841318477064
PM,Philip Morris International Inc,190.39,296744386560,20.76503,26.116598,18.973,6.974836,3.273650689272874,10.4,-7.5,67.48100500000001,40.001999999999995,25.558999999999997,,2.394448965239933,9714374656.0,6002999808,Consumer (Staples · Discretionary),Staples,184.3;180.4;183.8;183.7;176;170.3;169.1;169.9;161.8;164.1;163.5;156.8;159.6;161.4;155;152;162.8;161.4;167.8;169.7;185.4;188.1;187.1;180;175.9;174.5;174.6;179.3;182.5;171.7;178.9;180.9;184.8;181.2;175.9;193;194.3;195.7;192;186.9;189.6;186.2;190.4,5.2576261886974285,3.2916250613215015,20.824783617547027
MO,"Altria Group, Inc.",65.7,109702168576,11.203898,13.831578,8.369,5.3659835,8.236163223829541,1.2,-2.7,87.17,61.464,38.999,,1.4085488735935423,9035249664.0,2367000064,Consumer (Staples · Discretionary),Staples,65.17;65.88;67.11;66.9;66.01;64.96;65.62;64.9;62.47;62.84;66.03;64.79;65.82;65.83;63.98;63.7;65.89;67.2;72.33;68.02;68.86;72.01;72.25;71.3;68.55;69.26;70.24;70.36;70.19;69.51;73.21;71.95;71.88;71.59;70.16;74.21;72.17;72.89;67.94;68.07;68.35;64.38;65.7,-6.834940335037754,0.8176699695653822,18.30374284680012
MDLZ,"Mondelez International, Inc.",63.61,81185955840,18.92845,39.02454,16.708,2.046275,2.7743407301121703,4.1000000000000005,144.9,31.146,21.978001,8.862001,13.340001,3.3458881263157894,2252375040.0,1716000000,Consumer (Staples · Discretionary),Staples,61.54;57.65;60.1;60.54;57.7;57.19;53.44;56.97;55.26;56.46;57.27;57.06;58.34;57.2;56.6;55.66;57.13;60.53;60.87;60.8;61.19;59.94;61.33;60.73;60.66;60.8;61.09;62.83;61.63;59.02;60.69;57.84;59.17;58.3;58.8;61;60.86;60.67;63.08;62.08;62.61;62.18;63.61,8.327655463202465,3.3688234419324115,20.593739922636225
CL,Colgate-Palmolive Company,91.95,73300033536,22.42672,36.200787,16.061,3.4826834,4.718108226105356,4.9,-5.5,60.431000000000004,20.966,9.6829996,267.367,1.2851695600540132,3458374912.0,1452999936,Consumer (Staples · Discretionary),Staples,95.53;92.87;96.95;97.97;94.15;91.9;86.91;88.87;84.11;84.48;84.71;84.13;84.54;82.99;82.63;81.34;84.17;84.01;84.88;86.86;86.94;87.63;89.83;89.34;89.62;84.39;85.58;88.88;90.14;88.16;90.54;91.16;92.86;90.49;90.51;92.45;91.63;91.98;91.6;92.53;93.27;92.32;91.95,1.101048787264225,-3.7427726632659475,20.506685072526064
KMB,Kimberly-Clark Corporation,110.39,36713398272,14.72827,21.816206,12.186,2.2140512,2.5634374269236813,0.6,-32.300000000000004,37.612998,19.002001,11.790000000000001,104.91299999999998,1.603849442874566,941124992.0,956000000,Consumer (Staples · Discretionary),Staples,106.6;105.9;108.3;108.6;102.1;101.5;96.49;99.12;96.87;98.01;95.04;94.83;95.69;95.29;96.64;95.29;96.52;94.8;94.35;98.21;96.02;94.61;96.23;97.43;96.28;93.48;97.75;101.5;104.3;100.5;108.1;109.8;113;109.9;106.8;108.3;108.9;111.4;110.2;111.6;109.7;108.9;110.4,3.623393086062543,3.544891448111831,11.724329107551279
MCD,McDonald's Corporation,272.83,193065828352,19.490139,22.1813,16.534,6.9693823,3.2436474986046524,3.6999999999999997,5.7,57.382,46.485,31.72,,3.602277410655828,6262374912.0,822000000,Consumer (Staples · Discretionary),Restaurants,323.6;323.1;329;336.9;329.5;328.6;321.7;324.1;306.8;309.6;306.5;305.1;304.9;302.5;304.9;299.8;297.3;288.1;282.2;281.8;273;274.5;278.4;277.4;277.3;273.3;277.8;284.8;287.9;270.1;264.5;270.3;279.5;276.5;268.9;267.7;263.6;270.7;268.4;268.3;274.5;275.7;272.8,2.974136252946069,-15.68019812495084,-8.918154542073975
SBUX,Starbucks Corporation,107.69,122766606336,34.58209,62.248554,25.099,3.202192,2.4970451065576644,-1.4000000000000001,85.7,22.341,12.919,5.172000000000001,,3.339560278715734,3065537536.0,3610299904,Consumer (Staples · Discretionary),Restaurants,92.71;94.7;95.4;96.89;96.03;98.62;99.03;96.45;91.49;91.63;85.72;89.33;96.09;96.36;97.23;96.67;97.53;104.3;103.8;103.1;105.4;106.2;105.9;100.8;98.59;95.34;94.28;101.7;101.1;99.58;102.6;101.6;101.5;105.8;105.6;104.9;103.4;103.1;105.2;104.4;105;107.9;107.7,3.043124805085129,16.156778038882138,30.57759296562601
CMG,"Chipotle Mexican Grill, Inc.",33.5,42391502848,24.469881,31.018517,20.718,3.4121318,2.6336985220911413,9.3,-1.3,39.361998,16.108,11.4250004,49.560001,2.084086651242287,1116464384.0,677857024,Consumer (Staples · Discretionary),Restaurants,36.3;37.97;36.49;37.22;36.71;35.29;32.56;34.41;33.37;32.5;31.16;33.16;33.79;34.59;35.08;36.05;34.21;32.99;31.98;33.27;32.67;32.65;32.96;32.31;31.86;28.74;29.27;31.25;32.61;30.54;32.28;34;33.98;34.6;36.43;34.44;32.2;33.2;38.52;33.82;32.79;32.64;33.5,-3.263069688887932,-7.713496682947262,-10.642842090771476
YUM,"Yum! Brands, Inc.",148.11,40419381248,19.857561,18.653652,17.324,4.634187,2.061510983771505,12.2,131.6,45.311,32.779998,25.406997999999998,,4.149608740547588,833249984.0,683000000,Consumer (Staples · Discretionary),Restaurants,159.1;161.9;165.1;167.3;158.2;159.1;157.7;162.9;155.6;158.4;153.8;155.3;159.6;160.6;158.7;159.6;159.5;159.1;153.6;156.5;152.1;149.2;152;153.3;147.9;148.4;147.4;153.3;157.7;150.7;151.1;159.9;166;162.4;158.2;147.9;147.6;147.8;157;147.7;150.8;150.3;148.1,-2.9232526052053287,-6.881262814390265,-0.6440684177086986
QSR,Restaurant Brands International,77.64,35567734784,17.556198,19.507538,14.765,3.6671548,4.817217026625926,4.6,151.2,34.085998000000004,27.738002,13.125,34.792998000000004,4.97571830369357,1713374976.0,1102000000,Consumer (Staples · Discretionary),Restaurants,69.01;64.97;67.36;67.59;70.44;70.1;72.06;70.81;73.72;73.08;72.26;73.09;75.89;76.86;76.81;76.91;77.98;80.17;77.99;79.33;78.42;77.59;75.15;75.84;74.74;74.02;72.1;70.85;73.23;75.6;71.2;73.23;72.51;73.25;74.94;74.61;75.01;72.47;75.52;73.88;73.89;74.9;77.64,3.1623667098890973,12.513353209557664,16.561916950165354
DRI,"Darden Restaurants, Inc.",225.26,25576415232,18.185738,21.597315,15.851,1.9360085,3.0925951460561585,13.700000000000001,36.0,21.667999,14.142,9.134,53.717999999999996,3.7007090322244074,790974976.0,219500000,Consumer (Staples · Discretionary),Restaurants,208.2;209.7;210.6;210.5;200.2;198.5;195.3;200.7;199.9;198.5;192;193.3;192.6;190.4;195.1;195.4;199.4;194.7;190.5;193.6;197.5;194.3;195.7;202.2;202.3;196.7;194.4;209.1;207.4;210.3;211.1;204.4;201.6;200.3;195.7;198.5;193.9;204.1;207;204.6;213.8;227.7;225.3,14.893398608512975,8.193900405969746,23.14394522041663
TSLA,"Tesla, Inc.",342.27,1351811596288,157.03845,311.15454,123.201,13.045981,0.3577421407893961,25.5,-3.0,18.852,1.4099999,3.671,4.6669997,-2.551743465870952,4835999744.0,43524001792,Consumer (Staples · Discretionary),Autos & Apparel,417.4;411.7;409.4;402.5;405.9;398.7;395;399.3;368;386;355.3;360.6;343.2;352.4;388.9;386.4;376.3;372.8;392.5;411.8;433.5;422.2;417.3;433.6;435.8;423.7;409;399.1;404.7;405;375.1;420.6;419.8;406.5;396.2;380.8;374;309.2;308.9;327.4;328.6;327.5;342.3,-13.230746735274357,-18.00738141723386,-21.868654943008824
GM,General Motors Company,86.77,78479253504,5.8999033,38.736607,11.045,0.42300493,27.94846955429063,1.9,-26.200000000000003,10.177,3.202,1.051,3.164,6.320799254947011,21933750272.0,24718999552,Consumer (Staples · Discretionary),Autos & Apparel,80.71;81.1;80.92;78.35;78.24;74.53;73.29;73.88;72.65;76.44;72.6;72.38;76.57;76.66;77.88;78.88;77.88;76.45;75.54;78.24;76.27;74.7;75.98;79.62;83.06;81.52;83.77;80.85;82.51;80.43;78.53;77.08;77.85;76.65;76.87;76.07;82.13;87.04;88.4;88.31;87.58;86.76;86.77,11.75939892477027,7.503665418535443,7.63642940332383
F,Ford Motor Company,14.37,57301749760,7.5105834,,25.973,0.30484033,-13.856906892471132,-3.8,,7.115,1.8819999,-3.9350000000000005,-18.252,18.47128170960174,-7940250112.0,22119999488,Consumer (Staples · Discretionary),Autos & Apparel,13.79;13.46;13.87;13.77;12.51;11.91;11.76;11.67;11.25;11.4;10.95;11.33;11.9;11.88;12.15;12.49;12.09;11.96;11.24;11.9;11.86;13.26;13.08;15.16;17.25;15.54;14.84;14.55;14.26;13.96;13.96;13.75;13.68;13.46;13.79;14.08;14.27;14.52;14.7;14.09;13.83;13.83;14.37,2.437458950845306,4.169464526160405,11.45448710092043
NKE,"Nike, Inc.",40.73,60422901760,17.734217,19.395239,12.668,1.3022739,3.1267118807105767,-1.0999999999999999,428.0,43.245,12.687000000000001,6.6989996,22.138001,0.40900791766616085,1889250048.0,9027000320,Consumer (Staples · Discretionary),Autos & Apparel,62.16;64.6;63.1;61.22;58.12;56.03;53.65;54.63;51.91;52.51;50.79;43.8;42.75;42.53;45.29;45.98;44.29;44;42.71;44.02;41.97;41.51;43.8;44.54;45.82;43.81;43.23;45.96;45.04;43.19;40.9;41.05;43.34;42.78;42.86;43.76;42.21;42.14;42.29;41.53;41.7;40.51;40.73,-4.769700476252947,-34.47296183654728,-34.628288690636545
LULU,lululemon athletica inc.,119.55,13575371776,10.617965,9.680161,5.533,1.2117034,8.353074808637933,4.3,-35.0,55.69499999999999,11.205,13.028999999999998,32.027,0.24212247039902945,1133960960.0,1514728960,Consumer (Staples · Discretionary),Autos & Apparel,176.4;182.9;179.5;185.2;173.2;169.8;158.2;159.3;162.8;158.7;145.8;155.7;158.9;162.6;162.9;166.7;143.8;138.2;129;133.6;125.1;119.1;125.2;127.3;131.2;126;117.6;121.8;115.5;105.4;112.1;114.2;115.6;116.5;117.3;116.3;113.4;117.8;119.5;123;128.6;120.9;119.6,1.8140052086764946,-32.23557176478769,-43.2901643962453
